"Model","StateNum","Probability.Cut.Off","Granularity","Window.Size","Sample.Size","BinNum","Training.Size","Update.Freq","Avg.Cycle.Usage","Agg.Cycle.Usage","Avg.Survival.Rate","Agg.Survival.Rate","Correctly.Scheduled","Correctly.Unscheduled"
"AR1",0,0.0025,0,12,100,0,2000,36,NA,NA,NA,NA,NA,NA
"AR1",0,0.0025,0,12,100,0,2000,108,NA,NA,NA,NA,NA,NA
"AR1",0,0.0025,0,12,100,0,4000,36,NA,NA,NA,NA,NA,NA
"AR1",0,0.0025,0,12,100,0,4000,108,NA,NA,NA,NA,NA,NA
"AR1",0,0.005,0,12,100,0,2000,36,0.308948845001237,0.327313707014647,0.936202431970784,0.952881752044932,0.492063492063492,0.709085341523843
"AR1",0,0.005,0,12,100,0,2000,108,NA,NA,NA,NA,NA,NA
"AR1",0,0.005,0,12,100,0,3000,36,0.306346801096842,0.324742019576369,0.951430487518775,0.957085828343313,0.704545454545455,0.689508701816274
"AR1",0,0.005,0,12,100,0,4000,36,0.305274347359095,0.323345027546435,0.943561925594396,0.959032493405915,0.476190476190476,0.681779381657934
"AR1",0,0.005,0,12,100,0,4000,108,NA,NA,NA,NA,NA,NA
"AR1",0,0.01,0,12,100,0,2000,36,0.340627417413882,0.36050388182906,0.930932439593472,0.943742145338952,0.439252336448598,0.709449765763925
"AR1",0,0.01,0,12,100,0,2000,108,NA,NA,NA,NA,NA,NA
"AR1",0,0.01,0,12,100,0,3000,36,0.338929904296383,0.35881675999803,0.941858619780475,0.948868697666132,0.736842105263158,0.689844081577948
"AR1",0,0.01,0,12,100,0,4000,36,0.338078376947754,0.35756692608995,0.933236096867133,0.949470432480141,0.54,0.682094329535434
"AR1",0,0.01,0,12,100,0,4000,108,NA,NA,NA,NA,NA,NA
"AR1",0,0.1,0,12,100,0,2000,36,0.474019402131946,0.497812299638463,0.870105257982925,0.870147466599445,0.67032967032967,0.71557628747568
"AR1",0,0.1,0,12,100,0,2000,108,NA,NA,NA,NA,NA,NA
"AR1",0,0.1,0,12,100,0,3000,36,0.474863133211416,0.498618979102646,0.872465052048262,0.876916654015485,0.801282051282051,0.696193962915536
"AR1",0,0.1,0,12,100,0,4000,36,0.476620441138471,0.500413972461633,0.871931623300604,0.876459280791411,0.767605633802817,0.689078697107725
"AR1",0,0.1,0,12,100,0,4000,108,NA,NA,NA,NA,NA,NA
"AR1",0,0.0025,0.78125,12,100,0,2000,36,NA,NA,NA,NA,NA,NA
"AR1",0,0.0025,0.78125,12,100,0,2000,108,NA,NA,NA,NA,NA,NA
"AR1",0,0.0025,0.78125,12,100,0,4000,36,NA,NA,NA,NA,NA,NA
"AR1",0,0.0025,0.78125,12,100,0,4000,108,NA,NA,NA,NA,NA,NA
"AR1",0,0.005,0.78125,12,100,0,2000,36,NA,NA,NA,NA,NA,NA
"AR1",0,0.005,0.78125,12,100,0,2000,108,NA,NA,NA,NA,NA,NA
"AR1",0,0.005,0.78125,12,100,0,4000,36,NA,NA,NA,NA,NA,NA
"AR1",0,0.005,0.78125,12,100,0,4000,108,NA,NA,NA,NA,NA,NA
"AR1",0,0.01,0.78125,12,100,0,2000,36,NA,NA,NA,NA,NA,NA
"AR1",0,0.01,0.78125,12,100,0,2000,108,NA,NA,NA,NA,NA,NA
"AR1",0,0.01,0.78125,12,100,0,4000,36,NA,NA,NA,NA,NA,NA
"AR1",0,0.01,0.78125,12,100,0,4000,108,NA,NA,NA,NA,NA,NA
"AR1",0,0.1,0.78125,12,100,0,2000,36,NA,NA,NA,NA,NA,NA
"AR1",0,0.1,0.78125,12,100,0,2000,108,NA,NA,NA,NA,NA,NA
"AR1",0,0.1,0.78125,12,100,0,4000,36,NA,NA,NA,NA,NA,NA
"AR1",0,0.1,0.78125,12,100,0,4000,108,NA,NA,NA,NA,NA,NA
"AR1",0,0.0025,1.5625,12,100,0,2000,36,NA,NA,NA,NA,NA,NA
"AR1",0,0.0025,1.5625,12,100,0,2000,108,NA,NA,NA,NA,NA,NA
"AR1",0,0.0025,1.5625,12,100,0,4000,36,NA,NA,NA,NA,NA,NA
"AR1",0,0.0025,1.5625,12,100,0,4000,108,NA,NA,NA,NA,NA,NA
"AR1",0,0.005,1.5625,12,100,0,2000,36,0.305116753273089,0.323529189372009,0.944152702685105,0.954212106243113,0.617021276595745,0.763899777789118
"AR1",0,0.005,1.5625,12,100,0,2000,108,NA,NA,NA,NA,NA,NA
"AR1",0,0.005,1.5625,12,100,0,3000,36,0.302537637653351,0.32092443679965,0.948587263226911,0.959159379149306,0.84375,0.747163641031079
"AR1",0,0.005,1.5625,12,100,0,4000,36,0.301200724987568,0.319258995797492,0.952453829057702,0.961013976121768,0.545454545454545,0.73941370338248
"AR1",0,0.005,1.5625,12,100,0,4000,108,NA,NA,NA,NA,NA,NA
"AR1",0,0.01,1.5625,12,100,0,2000,36,0.337037535728397,0.356931601890153,0.933015734661716,0.946000223139574,0.478260869565217,0.764320831186195
"AR1",0,0.01,1.5625,12,100,0,2000,108,NA,NA,NA,NA,NA,NA
"AR1",0,0.01,1.5625,12,100,0,3000,36,0.335188008390502,0.355033131388057,0.942551438085525,0.950913651021139,0.740740740740741,0.747551346340701
"AR1",0,0.01,1.5625,12,100,0,4000,36,0.334461327822344,0.354003873763634,0.943905206977168,0.951541361721002,0.6,0.739870306598534
"AR1",0,0.01,1.5625,12,100,0,4000,108,NA,NA,NA,NA,NA,NA
"AR1",0,0.1,1.5625,12,100,0,2000,36,0.472390028378934,0.49631941615822,0.850285073586769,0.875433303376557,0.682758620689655,0.77083225924381
"AR1",0,0.1,1.5625,12,100,0,2000,108,NA,NA,NA,NA,NA,NA
"AR1",0,0.1,1.5625,12,100,0,3000,36,0.47342007682049,0.497501299829346,0.876458367323076,0.882548390835684,0.775641025641026,0.754264575685293
"AR1",0,0.1,1.5625,12,100,0,4000,36,0.475176650803503,0.499437355856495,0.875592602577535,0.881753849096299,0.783393501805054,0.747386074972282
"AR1",0,0.1,1.5625,12,100,0,4000,108,NA,NA,NA,NA,NA,NA
"AR1",0,0.0025,3.125,12,100,0,2000,36,NA,NA,NA,NA,NA,NA
"AR1",0,0.0025,3.125,12,100,0,2000,108,NA,NA,NA,NA,NA,NA
"AR1",0,0.0025,3.125,12,100,0,4000,36,NA,NA,NA,NA,NA,NA
"AR1",0,0.0025,3.125,12,100,0,4000,108,NA,NA,NA,NA,NA,NA
"AR1",0,0.005,3.125,12,100,0,2000,36,0.301232992086591,0.319694036350727,0.956764252143667,0.956682453505833,0.604651162790698,0.803184926105632
"AR1",0,0.005,3.125,12,100,0,2000,108,NA,NA,NA,NA,NA,NA
"AR1",0,0.005,3.125,12,100,0,3000,36,0.298539814159914,0.316990928145645,0.949883683661107,0.961164148669942,0.928571428571429,0.790535714285714
"AR1",0,0.005,3.125,12,100,0,4000,36,0.297237716514248,0.315344807367973,0.952150329722418,0.962986306079184,0.944444444444444,0.7848842452876
"AR1",0,0.005,3.125,12,100,0,4000,108,NA,NA,NA,NA,NA,NA
"AR1",0,0.01,3.125,12,100,0,2000,36,0.333300658585371,0.353196993529713,0.943689124067855,0.948282314198039,0.459770114942529,0.803582535718596
"AR1",0,0.01,3.125,12,100,0,2000,108,NA,NA,NA,NA,NA,NA
"AR1",0,0.01,3.125,12,100,0,3000,36,0.331511251076647,0.351390493487419,0.942358709719195,0.953013785025678,0.923076923076923,0.790892037651157
"AR1",0,0.01,3.125,12,100,0,4000,36,0.330732698417229,0.350445487409537,0.946164846691451,0.953694416583083,0.888888888888889,0.785257166655098
"AR1",0,0.01,3.125,12,100,0,4000,108,NA,NA,NA,NA,NA,NA
"AR1",0,0.1,3.125,12,100,0,2000,36,0.470284769850222,0.494613726113464,0.871486606183509,0.879918325014585,0.694376528117359,0.810264698992738
"AR1",0,0.1,3.125,12,100,0,2000,108,NA,NA,NA,NA,NA,NA
"AR1",0,0.1,3.125,12,100,0,3000,36,0.471144187331965,0.495789217877598,0.880636302901927,0.887385626026433,0.795539033457249,0.797185509711061
"AR1",0,0.1,3.125,12,100,0,4000,36,0.473151724928284,0.497746701093853,0.879350840604087,0.886358141109338,0.737051792828685,0.792397025532482
"AR1",0,0.1,3.125,12,100,0,4000,108,NA,NA,NA,NA,NA,NA
"AR1",0,0.0025,0,36,100,0,2000,36,NA,NA,NA,NA,NA,NA
"AR1",0,0.0025,0,36,100,0,2000,108,NA,NA,NA,NA,NA,NA
"AR1",0,0.0025,0,36,100,0,4000,36,NA,NA,NA,NA,NA,NA
"AR1",0,0.0025,0,36,100,0,4000,108,NA,NA,NA,NA,NA,NA
"AR1",0,0.005,0,36,100,0,2000,36,NA,NA,NA,NA,NA,NA
"AR1",0,0.005,0,36,100,0,2000,108,0.154745265696356,0.165342366236891,0.929204682525974,0.930504214106166,1,0.884215389454646
"AR1",0,0.005,0,36,100,0,3000,108,0.148877855553406,0.159070989077078,0.935485416699319,0.936983842010772,0,0.874117902826824
"AR1",0,0.005,0,36,100,0,4000,36,NA,NA,NA,NA,NA,NA
"AR1",0,0.005,0,36,100,0,4000,108,0.145383844975387,0.155841372689149,0.921957182006214,0.934331025240116,1,0.872424554710169
"AR1",0,0.01,0,36,100,0,2000,36,NA,NA,NA,NA,NA,NA
"AR1",0,0.01,0,36,100,0,2000,108,0.182110942134522,0.194508286754591,0.917690124610637,0.918826918041372,0.545454545454545,0.884812685359604
"AR1",0,0.01,0,36,100,0,3000,108,0.177197930615973,0.189317995061084,0.929912070028066,0.927264121173872,0.181818181818182,0.874328533646782
"AR1",0,0.01,0,36,100,0,4000,36,NA,NA,NA,NA,NA,NA
"AR1",0,0.01,0,36,100,0,4000,108,0.174046186246806,0.18648029188153,0.931026718879811,0.928516377649326,0.833333333333333,0.872474636727772
"AR1",0,0.1,0,36,100,0,2000,36,NA,NA,NA,NA,NA,NA
"AR1",0,0.1,0,36,100,0,2000,108,0.321296284458095,0.340002750389916,0.826578199532896,0.813917871159184,0.357142857142857,0.890989928228716
"AR1",0,0.1,0,36,100,0,3000,108,0.319858344149493,0.338113704726456,0.825817391913389,0.816300578034682,0.52212389380531,0.880373909234066
"AR1",0,0.1,0,36,100,0,4000,36,NA,NA,NA,NA,NA,NA
"AR1",0,0.1,0,36,100,0,4000,108,0.32249201015629,0.341760224408754,0.831534035013643,0.821621621621622,0.597402597402597,0.878231933564992
"AR1",0,0.0025,0.78125,36,100,0,2000,36,NA,NA,NA,NA,NA,NA
"AR1",0,0.0025,0.78125,36,100,0,2000,108,NA,NA,NA,NA,NA,NA
"AR1",0,0.0025,0.78125,36,100,0,4000,36,NA,NA,NA,NA,NA,NA
"AR1",0,0.0025,0.78125,36,100,0,4000,108,NA,NA,NA,NA,NA,NA
"AR1",0,0.005,0.78125,36,100,0,2000,36,NA,NA,NA,NA,NA,NA
"AR1",0,0.005,0.78125,36,100,0,2000,108,NA,NA,NA,NA,NA,NA
"AR1",0,0.005,0.78125,36,100,0,4000,36,NA,NA,NA,NA,NA,NA
"AR1",0,0.005,0.78125,36,100,0,4000,108,NA,NA,NA,NA,NA,NA
"AR1",0,0.01,0.78125,36,100,0,2000,36,NA,NA,NA,NA,NA,NA
"AR1",0,0.01,0.78125,36,100,0,2000,108,NA,NA,NA,NA,NA,NA
"AR1",0,0.01,0.78125,36,100,0,4000,36,NA,NA,NA,NA,NA,NA
"AR1",0,0.01,0.78125,36,100,0,4000,108,NA,NA,NA,NA,NA,NA
"AR1",0,0.1,0.78125,36,100,0,2000,36,NA,NA,NA,NA,NA,NA
"AR1",0,0.1,0.78125,36,100,0,2000,108,NA,NA,NA,NA,NA,NA
"AR1",0,0.1,0.78125,36,100,0,4000,36,NA,NA,NA,NA,NA,NA
"AR1",0,0.1,0.78125,36,100,0,4000,108,NA,NA,NA,NA,NA,NA
"AR1",0,0.0025,1.5625,36,100,0,2000,36,NA,NA,NA,NA,NA,NA
"AR1",0,0.0025,1.5625,36,100,0,2000,108,NA,NA,NA,NA,NA,NA
"AR1",0,0.0025,1.5625,36,100,0,4000,36,NA,NA,NA,NA,NA,NA
"AR1",0,0.0025,1.5625,36,100,0,4000,108,NA,NA,NA,NA,NA,NA
"AR1",0,0.005,1.5625,36,100,0,2000,36,NA,NA,NA,NA,NA,NA
"AR1",0,0.005,1.5625,36,100,0,2000,108,0.151000835168577,0.161410660403178,0.918945531230681,0.929868503443957,1,0.900173986552904
"AR1",0,0.005,1.5625,36,100,0,3000,108,0.145046983416055,0.155052190856975,0.928888015096181,0.937323013026241,NA,0.890070505287897
"AR1",0,0.005,1.5625,36,100,0,4000,36,NA,NA,NA,NA,NA,NA
"AR1",0,0.005,1.5625,36,100,0,4000,108,0.141618047771261,0.15165979495838,0.929652271999818,0.933458294283037,1,0.886852164506911
"AR1",0,0.01,1.5625,36,100,0,2000,36,NA,NA,NA,NA,NA,NA
"AR1",0,0.01,1.5625,36,100,0,2000,108,0.178647703120362,0.190815229378389,0.916748835607026,0.920186505759737,1,0.900784946342327
"AR1",0,0.01,1.5625,36,100,0,3000,108,0.173038419310452,0.18486540225661,0.929256547105006,0.927601060304838,1,0.890284968764508
"AR1",0,0.01,1.5625,36,100,0,4000,36,NA,NA,NA,NA,NA,NA
"AR1",0,0.01,1.5625,36,100,0,4000,108,0.170038733410513,0.182272607166439,0.925945165447961,0.928702010968921,1,0.886904022278585
"AR1",0,0.1,1.5625,36,100,0,2000,36,NA,NA,NA,NA,NA,NA
"AR1",0,0.1,1.5625,36,100,0,2000,108,0.318670992155384,0.337452720783453,0.829583139089914,0.817874203821656,0.348717948717949,0.906636341563725
"AR1",0,0.1,1.5625,36,100,0,3000,108,0.316796737950112,0.335231884902927,0.823179527620892,0.819356382342386,0.597938144329897,0.896221948679102
"AR1",0,0.1,1.5625,36,100,0,4000,36,NA,NA,NA,NA,NA,NA
"AR1",0,0.1,1.5625,36,100,0,4000,108,0.319195787666534,0.338141749542731,0.830883235571114,0.824672456940969,0.494505494505495,0.892536917889902
"AR1",0,0.0025,3.125,36,100,0,2000,36,NA,NA,NA,NA,NA,NA
"AR1",0,0.0025,3.125,36,100,0,2000,108,NA,NA,NA,NA,NA,NA
"AR1",0,0.0025,3.125,36,100,0,4000,36,NA,NA,NA,NA,NA,NA
"AR1",0,0.0025,3.125,36,100,0,4000,108,NA,NA,NA,NA,NA,NA
"AR1",0,0.005,3.125,36,100,0,2000,36,NA,NA,NA,NA,NA,NA
"AR1",0,0.005,3.125,36,100,0,2000,108,0.1474433651349,0.157829855625976,0.912329414955218,0.931573802541544,1,0.910849093697165
"AR1",0,0.005,3.125,36,100,0,3000,108,0.141720759790982,0.151567162733256,0.938045355105597,0.939976461357395,NA,0.902385428907168
"AR1",0,0.005,3.125,36,100,0,4000,36,NA,NA,NA,NA,NA,NA
"AR1",0,0.005,3.125,36,100,0,4000,108,0.137909925828551,0.14789479793325,0.923689509746639,0.933398628795299,1,0.899423334137303
"AR1",0,0.01,3.125,36,100,0,2000,36,NA,NA,NA,NA,NA,NA
"AR1",0,0.01,3.125,36,100,0,2000,108,0.174703540625897,0.1867473047594,0.914172296281425,0.92126993166287,1,0.911467298820613
"AR1",0,0.01,3.125,36,100,0,3000,108,0.169208602192485,0.180983508507417,0.924907769905781,0.928999144568007,1,0.902576338120872
"AR1",0,0.01,3.125,36,100,0,4000,36,NA,NA,NA,NA,NA,NA
"AR1",0,0.01,3.125,36,100,0,4000,108,0.165817701999808,0.177792811274545,0.922070806165812,0.928872942169692,1,0.899475926995242
"AR1",0,0.1,3.125,36,100,0,2000,36,NA,NA,NA,NA,NA,NA
"AR1",0,0.1,3.125,36,100,0,2000,108,0.315329054984577,0.334029770971628,0.830407138442086,0.823409876041455,0.345360824742268,0.917323965992192
"AR1",0,0.1,3.125,36,100,0,3000,108,0.313874450218069,0.33263343093763,0.821678521087694,0.825429720833841,0.593406593406593,0.908077384860152
"AR1",0,0.1,3.125,36,100,0,4000,36,NA,NA,NA,NA,NA,NA
"AR1",0,0.1,3.125,36,100,0,4000,108,0.315840030493774,0.334836295629557,0.831358351300974,0.831299894562434,0.5,0.904563948996785
"AR1",0,0.0025,0,12,3000,0,2000,36,NA,NA,NA,NA,NA,NA
"AR1",0,0.0025,0,12,3000,0,2000,108,NA,NA,NA,NA,NA,NA
"AR1",0,0.0025,0,12,3000,0,4000,36,NA,NA,NA,NA,NA,NA
"AR1",0,0.0025,0,12,3000,0,4000,108,NA,NA,NA,NA,NA,NA
"AR1",0,0.005,0,12,3000,0,2000,36,NA,NA,NA,NA,NA,NA
"AR1",0,0.005,0,12,3000,0,2000,108,NA,NA,NA,NA,NA,NA
"AR1",0,0.005,0,12,3000,0,4000,36,NA,NA,NA,NA,NA,NA
"AR1",0,0.005,0,12,3000,0,4000,108,NA,NA,NA,NA,NA,NA
"AR1",0,0.01,0,12,3000,0,2000,36,NA,NA,NA,NA,NA,NA
"AR1",0,0.01,0,12,3000,0,2000,108,NA,NA,NA,NA,NA,NA
"AR1",0,0.01,0,12,3000,0,4000,36,NA,NA,NA,NA,NA,NA
"AR1",0,0.01,0,12,3000,0,4000,108,NA,NA,NA,NA,NA,NA
"AR1",0,0.1,0,12,3000,0,2000,36,NA,NA,NA,NA,NA,NA
"AR1",0,0.1,0,12,3000,0,2000,108,NA,NA,NA,NA,NA,NA
"AR1",0,0.1,0,12,3000,0,4000,36,NA,NA,NA,NA,NA,NA
"AR1",0,0.1,0,12,3000,0,4000,108,NA,NA,NA,NA,NA,NA
"AR1",0,0.0025,0.78125,12,3000,0,2000,36,NA,NA,NA,NA,NA,NA
"AR1",0,0.0025,0.78125,12,3000,0,2000,108,NA,NA,NA,NA,NA,NA
"AR1",0,0.0025,0.78125,12,3000,0,4000,36,NA,NA,NA,NA,NA,NA
"AR1",0,0.0025,0.78125,12,3000,0,4000,108,NA,NA,NA,NA,NA,NA
"AR1",0,0.005,0.78125,12,3000,0,2000,36,NA,NA,NA,NA,NA,NA
"AR1",0,0.005,0.78125,12,3000,0,2000,108,NA,NA,NA,NA,NA,NA
"AR1",0,0.005,0.78125,12,3000,0,4000,36,NA,NA,NA,NA,NA,NA
"AR1",0,0.005,0.78125,12,3000,0,4000,108,NA,NA,NA,NA,NA,NA
"AR1",0,0.01,0.78125,12,3000,0,2000,36,NA,NA,NA,NA,NA,NA
"AR1",0,0.01,0.78125,12,3000,0,2000,108,NA,NA,NA,NA,NA,NA
"AR1",0,0.01,0.78125,12,3000,0,4000,36,NA,NA,NA,NA,NA,NA
"AR1",0,0.01,0.78125,12,3000,0,4000,108,NA,NA,NA,NA,NA,NA
"AR1",0,0.1,0.78125,12,3000,0,2000,36,NA,NA,NA,NA,NA,NA
"AR1",0,0.1,0.78125,12,3000,0,2000,108,NA,NA,NA,NA,NA,NA
"AR1",0,0.1,0.78125,12,3000,0,4000,36,NA,NA,NA,NA,NA,NA
"AR1",0,0.1,0.78125,12,3000,0,4000,108,NA,NA,NA,NA,NA,NA
"AR1",0,0.0025,1.5625,12,3000,0,2000,36,NA,NA,NA,NA,NA,NA
"AR1",0,0.0025,1.5625,12,3000,0,2000,108,NA,NA,NA,NA,NA,NA
"AR1",0,0.0025,1.5625,12,3000,0,4000,36,NA,NA,NA,NA,NA,NA
"AR1",0,0.0025,1.5625,12,3000,0,4000,108,NA,NA,NA,NA,NA,NA
"AR1",0,0.005,1.5625,12,3000,0,2000,36,NA,NA,NA,NA,NA,NA
"AR1",0,0.005,1.5625,12,3000,0,2000,108,NA,NA,NA,NA,NA,NA
"AR1",0,0.005,1.5625,12,3000,0,4000,36,NA,NA,NA,NA,NA,NA
"AR1",0,0.005,1.5625,12,3000,0,4000,108,NA,NA,NA,NA,NA,NA
"AR1",0,0.01,1.5625,12,3000,0,2000,36,NA,NA,NA,NA,NA,NA
"AR1",0,0.01,1.5625,12,3000,0,2000,108,NA,NA,NA,NA,NA,NA
"AR1",0,0.01,1.5625,12,3000,0,4000,36,NA,NA,NA,NA,NA,NA
"AR1",0,0.01,1.5625,12,3000,0,4000,108,NA,NA,NA,NA,NA,NA
"AR1",0,0.1,1.5625,12,3000,0,2000,36,NA,NA,NA,NA,NA,NA
"AR1",0,0.1,1.5625,12,3000,0,2000,108,NA,NA,NA,NA,NA,NA
"AR1",0,0.1,1.5625,12,3000,0,4000,36,NA,NA,NA,NA,NA,NA
"AR1",0,0.1,1.5625,12,3000,0,4000,108,NA,NA,NA,NA,NA,NA
"AR1",0,0.0025,3.125,12,3000,0,2000,36,NA,NA,NA,NA,NA,NA
"AR1",0,0.0025,3.125,12,3000,0,2000,108,NA,NA,NA,NA,NA,NA
"AR1",0,0.0025,3.125,12,3000,0,4000,36,NA,NA,NA,NA,NA,NA
"AR1",0,0.0025,3.125,12,3000,0,4000,108,NA,NA,NA,NA,NA,NA
"AR1",0,0.005,3.125,12,3000,0,2000,36,NA,NA,NA,NA,NA,NA
"AR1",0,0.005,3.125,12,3000,0,2000,108,NA,NA,NA,NA,NA,NA
"AR1",0,0.005,3.125,12,3000,0,4000,36,NA,NA,NA,NA,NA,NA
"AR1",0,0.005,3.125,12,3000,0,4000,108,NA,NA,NA,NA,NA,NA
"AR1",0,0.01,3.125,12,3000,0,2000,36,NA,NA,NA,NA,NA,NA
"AR1",0,0.01,3.125,12,3000,0,2000,108,NA,NA,NA,NA,NA,NA
"AR1",0,0.01,3.125,12,3000,0,4000,36,NA,NA,NA,NA,NA,NA
"AR1",0,0.01,3.125,12,3000,0,4000,108,NA,NA,NA,NA,NA,NA
"AR1",0,0.1,3.125,12,3000,0,2000,36,NA,NA,NA,NA,NA,NA
"AR1",0,0.1,3.125,12,3000,0,2000,108,NA,NA,NA,NA,NA,NA
"AR1",0,0.1,3.125,12,3000,0,4000,36,NA,NA,NA,NA,NA,NA
"AR1",0,0.1,3.125,12,3000,0,4000,108,NA,NA,NA,NA,NA,NA
"AR1",0,0.0025,0,36,3000,0,2000,36,NA,NA,NA,NA,NA,NA
"AR1",0,0.0025,0,36,3000,0,2000,108,NA,NA,NA,NA,NA,NA
"AR1",0,0.0025,0,36,3000,0,4000,36,NA,NA,NA,NA,NA,NA
"AR1",0,0.0025,0,36,3000,0,4000,108,NA,NA,NA,NA,NA,NA
"AR1",0,0.005,0,36,3000,0,2000,36,NA,NA,NA,NA,NA,NA
"AR1",0,0.005,0,36,3000,0,2000,108,NA,NA,NA,NA,NA,NA
"AR1",0,0.005,0,36,3000,0,4000,36,NA,NA,NA,NA,NA,NA
"AR1",0,0.005,0,36,3000,0,4000,108,NA,NA,NA,NA,NA,NA
"AR1",0,0.01,0,36,3000,0,2000,36,NA,NA,NA,NA,NA,NA
"AR1",0,0.01,0,36,3000,0,2000,108,NA,NA,NA,NA,NA,NA
"AR1",0,0.01,0,36,3000,0,4000,36,NA,NA,NA,NA,NA,NA
"AR1",0,0.01,0,36,3000,0,4000,108,NA,NA,NA,NA,NA,NA
"AR1",0,0.1,0,36,3000,0,2000,36,NA,NA,NA,NA,NA,NA
"AR1",0,0.1,0,36,3000,0,2000,108,NA,NA,NA,NA,NA,NA
"AR1",0,0.1,0,36,3000,0,4000,36,NA,NA,NA,NA,NA,NA
"AR1",0,0.1,0,36,3000,0,4000,108,NA,NA,NA,NA,NA,NA
"AR1",0,0.0025,0.78125,36,3000,0,2000,36,NA,NA,NA,NA,NA,NA
"AR1",0,0.0025,0.78125,36,3000,0,2000,108,NA,NA,NA,NA,NA,NA
"AR1",0,0.0025,0.78125,36,3000,0,4000,36,NA,NA,NA,NA,NA,NA
"AR1",0,0.0025,0.78125,36,3000,0,4000,108,NA,NA,NA,NA,NA,NA
"AR1",0,0.005,0.78125,36,3000,0,2000,36,NA,NA,NA,NA,NA,NA
"AR1",0,0.005,0.78125,36,3000,0,2000,108,NA,NA,NA,NA,NA,NA
"AR1",0,0.005,0.78125,36,3000,0,4000,36,NA,NA,NA,NA,NA,NA
"AR1",0,0.005,0.78125,36,3000,0,4000,108,NA,NA,NA,NA,NA,NA
"AR1",0,0.01,0.78125,36,3000,0,2000,36,NA,NA,NA,NA,NA,NA
"AR1",0,0.01,0.78125,36,3000,0,2000,108,NA,NA,NA,NA,NA,NA
"AR1",0,0.01,0.78125,36,3000,0,4000,36,NA,NA,NA,NA,NA,NA
"AR1",0,0.01,0.78125,36,3000,0,4000,108,NA,NA,NA,NA,NA,NA
"AR1",0,0.1,0.78125,36,3000,0,2000,36,NA,NA,NA,NA,NA,NA
"AR1",0,0.1,0.78125,36,3000,0,2000,108,NA,NA,NA,NA,NA,NA
"AR1",0,0.1,0.78125,36,3000,0,4000,36,NA,NA,NA,NA,NA,NA
"AR1",0,0.1,0.78125,36,3000,0,4000,108,NA,NA,NA,NA,NA,NA
"AR1",0,0.0025,1.5625,36,3000,0,2000,36,NA,NA,NA,NA,NA,NA
"AR1",0,0.0025,1.5625,36,3000,0,2000,108,NA,NA,NA,NA,NA,NA
"AR1",0,0.0025,1.5625,36,3000,0,4000,36,NA,NA,NA,NA,NA,NA
"AR1",0,0.0025,1.5625,36,3000,0,4000,108,NA,NA,NA,NA,NA,NA
"AR1",0,0.005,1.5625,36,3000,0,2000,36,NA,NA,NA,NA,NA,NA
"AR1",0,0.005,1.5625,36,3000,0,2000,108,NA,NA,NA,NA,NA,NA
"AR1",0,0.005,1.5625,36,3000,0,4000,36,NA,NA,NA,NA,NA,NA
"AR1",0,0.005,1.5625,36,3000,0,4000,108,NA,NA,NA,NA,NA,NA
"AR1",0,0.01,1.5625,36,3000,0,2000,36,NA,NA,NA,NA,NA,NA
"AR1",0,0.01,1.5625,36,3000,0,2000,108,NA,NA,NA,NA,NA,NA
"AR1",0,0.01,1.5625,36,3000,0,4000,36,NA,NA,NA,NA,NA,NA
"AR1",0,0.01,1.5625,36,3000,0,4000,108,NA,NA,NA,NA,NA,NA
"AR1",0,0.1,1.5625,36,3000,0,2000,36,NA,NA,NA,NA,NA,NA
"AR1",0,0.1,1.5625,36,3000,0,2000,108,NA,NA,NA,NA,NA,NA
"AR1",0,0.1,1.5625,36,3000,0,4000,36,NA,NA,NA,NA,NA,NA
"AR1",0,0.1,1.5625,36,3000,0,4000,108,NA,NA,NA,NA,NA,NA
"AR1",0,0.0025,3.125,36,3000,0,2000,36,NA,NA,NA,NA,NA,NA
"AR1",0,0.0025,3.125,36,3000,0,2000,108,NA,NA,NA,NA,NA,NA
"AR1",0,0.0025,3.125,36,3000,0,4000,36,NA,NA,NA,NA,NA,NA
"AR1",0,0.0025,3.125,36,3000,0,4000,108,NA,NA,NA,NA,NA,NA
"AR1",0,0.005,3.125,36,3000,0,2000,36,NA,NA,NA,NA,NA,NA
"AR1",0,0.005,3.125,36,3000,0,2000,108,NA,NA,NA,NA,NA,NA
"AR1",0,0.005,3.125,36,3000,0,4000,36,NA,NA,NA,NA,NA,NA
"AR1",0,0.005,3.125,36,3000,0,4000,108,NA,NA,NA,NA,NA,NA
"AR1",0,0.01,3.125,36,3000,0,2000,36,NA,NA,NA,NA,NA,NA
"AR1",0,0.01,3.125,36,3000,0,2000,108,NA,NA,NA,NA,NA,NA
"AR1",0,0.01,3.125,36,3000,0,4000,36,NA,NA,NA,NA,NA,NA
"AR1",0,0.01,3.125,36,3000,0,4000,108,NA,NA,NA,NA,NA,NA
"AR1",0,0.1,3.125,36,3000,0,2000,36,NA,NA,NA,NA,NA,NA
"AR1",0,0.1,3.125,36,3000,0,2000,108,NA,NA,NA,NA,NA,NA
"AR1",0,0.1,3.125,36,3000,0,4000,36,NA,NA,NA,NA,NA,NA
"AR1",0,0.1,3.125,36,3000,0,4000,108,NA,NA,NA,NA,NA,NA
"AR1_logistic_glm",0,0.0025,0,12,100,500,2000,36,NA,NA,NA,NA,NA,NA
"AR1_logistic_glm",0,0.0025,0,12,100,1000,2000,36,NA,NA,NA,NA,NA,NA
"AR1_logistic_glm",0,0.0025,0,12,100,500,2000,108,NA,NA,NA,NA,NA,NA
"AR1_logistic_glm",0,0.0025,0,12,100,1000,2000,108,NA,NA,NA,NA,NA,NA
"AR1_logistic_glm",0,0.0025,0,12,100,500,4000,36,NA,NA,NA,NA,NA,NA
"AR1_logistic_glm",0,0.0025,0,12,100,1000,4000,36,NA,NA,NA,NA,NA,NA
"AR1_logistic_glm",0,0.0025,0,12,100,500,4000,108,NA,NA,NA,NA,NA,NA
"AR1_logistic_glm",0,0.0025,0,12,100,1000,4000,108,NA,NA,NA,NA,NA,NA
"AR1_logistic_glm",0,0.005,0,12,100,500,2000,36,NA,NA,NA,NA,NA,NA
"AR1_logistic_glm",0,0.005,0,12,100,1000,2000,36,NA,NA,NA,NA,NA,NA
"AR1_logistic_glm",0,0.005,0,12,100,500,2000,108,NA,NA,NA,NA,NA,NA
"AR1_logistic_glm",0,0.005,0,12,100,1000,2000,108,NA,NA,NA,NA,NA,NA
"AR1_logistic_glm",0,0.005,0,12,100,500,4000,36,NA,NA,NA,NA,NA,NA
"AR1_logistic_glm",0,0.005,0,12,100,1000,4000,36,NA,NA,NA,NA,NA,NA
"AR1_logistic_glm",0,0.005,0,12,100,500,4000,108,NA,NA,NA,NA,NA,NA
"AR1_logistic_glm",0,0.005,0,12,100,1000,4000,108,NA,NA,NA,NA,NA,NA
"AR1_logistic_glm",0,0.01,0,12,100,500,2000,36,NA,NA,NA,NA,NA,NA
"AR1_logistic_glm",0,0.01,0,12,100,1000,2000,36,NA,NA,NA,NA,NA,NA
"AR1_logistic_glm",0,0.01,0,12,100,500,2000,108,NA,NA,NA,NA,NA,NA
"AR1_logistic_glm",0,0.01,0,12,100,1000,2000,108,NA,NA,NA,NA,NA,NA
"AR1_logistic_glm",0,0.01,0,12,100,500,4000,36,NA,NA,NA,NA,NA,NA
"AR1_logistic_glm",0,0.01,0,12,100,1000,4000,36,NA,NA,NA,NA,NA,NA
"AR1_logistic_glm",0,0.01,0,12,100,500,4000,108,NA,NA,NA,NA,NA,NA
"AR1_logistic_glm",0,0.01,0,12,100,1000,4000,108,NA,NA,NA,NA,NA,NA
"AR1_logistic_glm",0,0.1,0,12,100,500,2000,36,NA,NA,NA,NA,NA,NA
"AR1_logistic_glm",0,0.1,0,12,100,1000,2000,36,NA,NA,NA,NA,NA,NA
"AR1_logistic_glm",0,0.1,0,12,100,500,2000,108,NA,NA,NA,NA,NA,NA
"AR1_logistic_glm",0,0.1,0,12,100,1000,2000,108,NA,NA,NA,NA,NA,NA
"AR1_logistic_glm",0,0.1,0,12,100,500,4000,36,NA,NA,NA,NA,NA,NA
"AR1_logistic_glm",0,0.1,0,12,100,1000,4000,36,NA,NA,NA,NA,NA,NA
"AR1_logistic_glm",0,0.1,0,12,100,500,4000,108,NA,NA,NA,NA,NA,NA
"AR1_logistic_glm",0,0.1,0,12,100,1000,4000,108,NA,NA,NA,NA,NA,NA
"AR1_logistic_glm",0,0.0025,0.78125,12,100,500,2000,36,NA,NA,NA,NA,NA,NA
"AR1_logistic_glm",0,0.0025,0.78125,12,100,1000,2000,36,NA,NA,NA,NA,NA,NA
"AR1_logistic_glm",0,0.0025,0.78125,12,100,500,2000,108,NA,NA,NA,NA,NA,NA
"AR1_logistic_glm",0,0.0025,0.78125,12,100,1000,2000,108,NA,NA,NA,NA,NA,NA
"AR1_logistic_glm",0,0.0025,0.78125,12,100,500,4000,36,NA,NA,NA,NA,NA,NA
"AR1_logistic_glm",0,0.0025,0.78125,12,100,1000,4000,36,NA,NA,NA,NA,NA,NA
"AR1_logistic_glm",0,0.0025,0.78125,12,100,500,4000,108,NA,NA,NA,NA,NA,NA
"AR1_logistic_glm",0,0.0025,0.78125,12,100,1000,4000,108,NA,NA,NA,NA,NA,NA
"AR1_logistic_glm",0,0.005,0.78125,12,100,500,2000,36,NA,NA,NA,NA,NA,NA
"AR1_logistic_glm",0,0.005,0.78125,12,100,1000,2000,36,NA,NA,NA,NA,NA,NA
"AR1_logistic_glm",0,0.005,0.78125,12,100,500,2000,108,NA,NA,NA,NA,NA,NA
"AR1_logistic_glm",0,0.005,0.78125,12,100,1000,2000,108,NA,NA,NA,NA,NA,NA
"AR1_logistic_glm",0,0.005,0.78125,12,100,500,4000,36,NA,NA,NA,NA,NA,NA
"AR1_logistic_glm",0,0.005,0.78125,12,100,1000,4000,36,NA,NA,NA,NA,NA,NA
"AR1_logistic_glm",0,0.005,0.78125,12,100,500,4000,108,NA,NA,NA,NA,NA,NA
"AR1_logistic_glm",0,0.005,0.78125,12,100,1000,4000,108,NA,NA,NA,NA,NA,NA
"AR1_logistic_glm",0,0.01,0.78125,12,100,500,2000,36,NA,NA,NA,NA,NA,NA
"AR1_logistic_glm",0,0.01,0.78125,12,100,1000,2000,36,NA,NA,NA,NA,NA,NA
"AR1_logistic_glm",0,0.01,0.78125,12,100,500,2000,108,NA,NA,NA,NA,NA,NA
"AR1_logistic_glm",0,0.01,0.78125,12,100,1000,2000,108,NA,NA,NA,NA,NA,NA
"AR1_logistic_glm",0,0.01,0.78125,12,100,500,4000,36,NA,NA,NA,NA,NA,NA
"AR1_logistic_glm",0,0.01,0.78125,12,100,1000,4000,36,NA,NA,NA,NA,NA,NA
"AR1_logistic_glm",0,0.01,0.78125,12,100,500,4000,108,NA,NA,NA,NA,NA,NA
"AR1_logistic_glm",0,0.01,0.78125,12,100,1000,4000,108,NA,NA,NA,NA,NA,NA
"AR1_logistic_glm",0,0.1,0.78125,12,100,500,2000,36,NA,NA,NA,NA,NA,NA
"AR1_logistic_glm",0,0.1,0.78125,12,100,1000,2000,36,NA,NA,NA,NA,NA,NA
"AR1_logistic_glm",0,0.1,0.78125,12,100,500,2000,108,NA,NA,NA,NA,NA,NA
"AR1_logistic_glm",0,0.1,0.78125,12,100,1000,2000,108,NA,NA,NA,NA,NA,NA
"AR1_logistic_glm",0,0.1,0.78125,12,100,500,4000,36,NA,NA,NA,NA,NA,NA
"AR1_logistic_glm",0,0.1,0.78125,12,100,1000,4000,36,NA,NA,NA,NA,NA,NA
"AR1_logistic_glm",0,0.1,0.78125,12,100,500,4000,108,NA,NA,NA,NA,NA,NA
"AR1_logistic_glm",0,0.1,0.78125,12,100,1000,4000,108,NA,NA,NA,NA,NA,NA
"AR1_logistic_glm",0,0.0025,1.5625,12,100,500,2000,36,NA,NA,NA,NA,NA,NA
"AR1_logistic_glm",0,0.0025,1.5625,12,100,1000,2000,36,NA,NA,NA,NA,NA,NA
"AR1_logistic_glm",0,0.0025,1.5625,12,100,500,2000,108,NA,NA,NA,NA,NA,NA
"AR1_logistic_glm",0,0.0025,1.5625,12,100,1000,2000,108,NA,NA,NA,NA,NA,NA
"AR1_logistic_glm",0,0.0025,1.5625,12,100,500,4000,36,NA,NA,NA,NA,NA,NA
"AR1_logistic_glm",0,0.0025,1.5625,12,100,1000,4000,36,NA,NA,NA,NA,NA,NA
"AR1_logistic_glm",0,0.0025,1.5625,12,100,500,4000,108,NA,NA,NA,NA,NA,NA
"AR1_logistic_glm",0,0.0025,1.5625,12,100,1000,4000,108,NA,NA,NA,NA,NA,NA
"AR1_logistic_glm",0,0.005,1.5625,12,100,500,2000,36,NA,NA,NA,NA,NA,NA
"AR1_logistic_glm",0,0.005,1.5625,12,100,1000,2000,36,NA,NA,NA,NA,NA,NA
"AR1_logistic_glm",0,0.005,1.5625,12,100,500,2000,108,NA,NA,NA,NA,NA,NA
"AR1_logistic_glm",0,0.005,1.5625,12,100,1000,2000,108,NA,NA,NA,NA,NA,NA
"AR1_logistic_glm",0,0.005,1.5625,12,100,500,4000,36,NA,NA,NA,NA,NA,NA
"AR1_logistic_glm",0,0.005,1.5625,12,100,1000,4000,36,NA,NA,NA,NA,NA,NA
"AR1_logistic_glm",0,0.005,1.5625,12,100,500,4000,108,NA,NA,NA,NA,NA,NA
"AR1_logistic_glm",0,0.005,1.5625,12,100,1000,4000,108,NA,NA,NA,NA,NA,NA
"AR1_logistic_glm",0,0.01,1.5625,12,100,500,2000,36,NA,NA,NA,NA,NA,NA
"AR1_logistic_glm",0,0.01,1.5625,12,100,1000,2000,36,NA,NA,NA,NA,NA,NA
"AR1_logistic_glm",0,0.01,1.5625,12,100,500,2000,108,NA,NA,NA,NA,NA,NA
"AR1_logistic_glm",0,0.01,1.5625,12,100,1000,2000,108,NA,NA,NA,NA,NA,NA
"AR1_logistic_glm",0,0.01,1.5625,12,100,500,4000,36,NA,NA,NA,NA,NA,NA
"AR1_logistic_glm",0,0.01,1.5625,12,100,1000,4000,36,NA,NA,NA,NA,NA,NA
"AR1_logistic_glm",0,0.01,1.5625,12,100,500,4000,108,NA,NA,NA,NA,NA,NA
"AR1_logistic_glm",0,0.01,1.5625,12,100,1000,4000,108,NA,NA,NA,NA,NA,NA
"AR1_logistic_glm",0,0.1,1.5625,12,100,500,2000,36,NA,NA,NA,NA,NA,NA
"AR1_logistic_glm",0,0.1,1.5625,12,100,1000,2000,36,NA,NA,NA,NA,NA,NA
"AR1_logistic_glm",0,0.1,1.5625,12,100,500,2000,108,NA,NA,NA,NA,NA,NA
"AR1_logistic_glm",0,0.1,1.5625,12,100,1000,2000,108,NA,NA,NA,NA,NA,NA
"AR1_logistic_glm",0,0.1,1.5625,12,100,500,4000,36,NA,NA,NA,NA,NA,NA
"AR1_logistic_glm",0,0.1,1.5625,12,100,1000,4000,36,NA,NA,NA,NA,NA,NA
"AR1_logistic_glm",0,0.1,1.5625,12,100,500,4000,108,NA,NA,NA,NA,NA,NA
"AR1_logistic_glm",0,0.1,1.5625,12,100,1000,4000,108,NA,NA,NA,NA,NA,NA
"AR1_logistic_glm",0,0.0025,3.125,12,100,500,2000,36,NA,NA,NA,NA,NA,NA
"AR1_logistic_glm",0,0.0025,3.125,12,100,1000,2000,36,NA,NA,NA,NA,NA,NA
"AR1_logistic_glm",0,0.0025,3.125,12,100,500,2000,108,NA,NA,NA,NA,NA,NA
"AR1_logistic_glm",0,0.0025,3.125,12,100,1000,2000,108,NA,NA,NA,NA,NA,NA
"AR1_logistic_glm",0,0.0025,3.125,12,100,500,4000,36,NA,NA,NA,NA,NA,NA
"AR1_logistic_glm",0,0.0025,3.125,12,100,1000,4000,36,NA,NA,NA,NA,NA,NA
"AR1_logistic_glm",0,0.0025,3.125,12,100,500,4000,108,NA,NA,NA,NA,NA,NA
"AR1_logistic_glm",0,0.0025,3.125,12,100,1000,4000,108,NA,NA,NA,NA,NA,NA
"AR1_logistic_glm",0,0.005,3.125,12,100,500,2000,36,NA,NA,NA,NA,NA,NA
"AR1_logistic_glm",0,0.005,3.125,12,100,1000,2000,36,NA,NA,NA,NA,NA,NA
"AR1_logistic_glm",0,0.005,3.125,12,100,500,2000,108,NA,NA,NA,NA,NA,NA
"AR1_logistic_glm",0,0.005,3.125,12,100,1000,2000,108,NA,NA,NA,NA,NA,NA
"AR1_logistic_glm",0,0.005,3.125,12,100,500,4000,36,NA,NA,NA,NA,NA,NA
"AR1_logistic_glm",0,0.005,3.125,12,100,1000,4000,36,NA,NA,NA,NA,NA,NA
"AR1_logistic_glm",0,0.005,3.125,12,100,500,4000,108,NA,NA,NA,NA,NA,NA
"AR1_logistic_glm",0,0.005,3.125,12,100,1000,4000,108,NA,NA,NA,NA,NA,NA
"AR1_logistic_glm",0,0.01,3.125,12,100,500,2000,36,NA,NA,NA,NA,NA,NA
"AR1_logistic_glm",0,0.01,3.125,12,100,1000,2000,36,NA,NA,NA,NA,NA,NA
"AR1_logistic_glm",0,0.01,3.125,12,100,500,2000,108,NA,NA,NA,NA,NA,NA
"AR1_logistic_glm",0,0.01,3.125,12,100,1000,2000,108,NA,NA,NA,NA,NA,NA
"AR1_logistic_glm",0,0.01,3.125,12,100,500,4000,36,NA,NA,NA,NA,NA,NA
"AR1_logistic_glm",0,0.01,3.125,12,100,1000,4000,36,NA,NA,NA,NA,NA,NA
"AR1_logistic_glm",0,0.01,3.125,12,100,500,4000,108,NA,NA,NA,NA,NA,NA
"AR1_logistic_glm",0,0.01,3.125,12,100,1000,4000,108,NA,NA,NA,NA,NA,NA
"AR1_logistic_glm",0,0.1,3.125,12,100,500,2000,36,NA,NA,NA,NA,NA,NA
"AR1_logistic_glm",0,0.1,3.125,12,100,1000,2000,36,NA,NA,NA,NA,NA,NA
"AR1_logistic_glm",0,0.1,3.125,12,100,500,2000,108,NA,NA,NA,NA,NA,NA
"AR1_logistic_glm",0,0.1,3.125,12,100,1000,2000,108,NA,NA,NA,NA,NA,NA
"AR1_logistic_glm",0,0.1,3.125,12,100,500,4000,36,NA,NA,NA,NA,NA,NA
"AR1_logistic_glm",0,0.1,3.125,12,100,1000,4000,36,NA,NA,NA,NA,NA,NA
"AR1_logistic_glm",0,0.1,3.125,12,100,500,4000,108,NA,NA,NA,NA,NA,NA
"AR1_logistic_glm",0,0.1,3.125,12,100,1000,4000,108,NA,NA,NA,NA,NA,NA
"AR1_logistic_glm",0,0.0025,0,36,100,500,2000,36,NA,NA,NA,NA,NA,NA
"AR1_logistic_glm",0,0.0025,0,36,100,1000,2000,36,NA,NA,NA,NA,NA,NA
"AR1_logistic_glm",0,0.0025,0,36,100,500,2000,108,NA,NA,NA,NA,NA,NA
"AR1_logistic_glm",0,0.0025,0,36,100,1000,2000,108,NA,NA,NA,NA,NA,NA
"AR1_logistic_glm",0,0.0025,0,36,100,500,4000,36,NA,NA,NA,NA,NA,NA
"AR1_logistic_glm",0,0.0025,0,36,100,1000,4000,36,NA,NA,NA,NA,NA,NA
"AR1_logistic_glm",0,0.0025,0,36,100,500,4000,108,NA,NA,NA,NA,NA,NA
"AR1_logistic_glm",0,0.0025,0,36,100,1000,4000,108,NA,NA,NA,NA,NA,NA
"AR1_logistic_glm",0,0.005,0,36,100,500,2000,36,NA,NA,NA,NA,NA,NA
"AR1_logistic_glm",0,0.005,0,36,100,1000,2000,36,NA,NA,NA,NA,NA,NA
"AR1_logistic_glm",0,0.005,0,36,100,500,2000,108,NA,NA,NA,NA,NA,NA
"AR1_logistic_glm",0,0.005,0,36,100,1000,2000,108,NA,NA,NA,NA,NA,NA
"AR1_logistic_glm",0,0.005,0,36,100,500,4000,36,NA,NA,NA,NA,NA,NA
"AR1_logistic_glm",0,0.005,0,36,100,1000,4000,36,NA,NA,NA,NA,NA,NA
"AR1_logistic_glm",0,0.005,0,36,100,500,4000,108,NA,NA,NA,NA,NA,NA
"AR1_logistic_glm",0,0.005,0,36,100,1000,4000,108,NA,NA,NA,NA,NA,NA
"AR1_logistic_glm",0,0.01,0,36,100,500,2000,36,NA,NA,NA,NA,NA,NA
"AR1_logistic_glm",0,0.01,0,36,100,1000,2000,36,NA,NA,NA,NA,NA,NA
"AR1_logistic_glm",0,0.01,0,36,100,500,2000,108,NA,NA,NA,NA,NA,NA
"AR1_logistic_glm",0,0.01,0,36,100,1000,2000,108,NA,NA,NA,NA,NA,NA
"AR1_logistic_glm",0,0.01,0,36,100,500,4000,36,NA,NA,NA,NA,NA,NA
"AR1_logistic_glm",0,0.01,0,36,100,1000,4000,36,NA,NA,NA,NA,NA,NA
"AR1_logistic_glm",0,0.01,0,36,100,500,4000,108,NA,NA,NA,NA,NA,NA
"AR1_logistic_glm",0,0.01,0,36,100,1000,4000,108,NA,NA,NA,NA,NA,NA
"AR1_logistic_glm",0,0.1,0,36,100,500,2000,36,NA,NA,NA,NA,NA,NA
"AR1_logistic_glm",0,0.1,0,36,100,1000,2000,36,NA,NA,NA,NA,NA,NA
"AR1_logistic_glm",0,0.1,0,36,100,500,2000,108,NA,NA,NA,NA,NA,NA
"AR1_logistic_glm",0,0.1,0,36,100,1000,2000,108,NA,NA,NA,NA,NA,NA
"AR1_logistic_glm",0,0.1,0,36,100,500,4000,36,NA,NA,NA,NA,NA,NA
"AR1_logistic_glm",0,0.1,0,36,100,1000,4000,36,NA,NA,NA,NA,NA,NA
"AR1_logistic_glm",0,0.1,0,36,100,500,4000,108,NA,NA,NA,NA,NA,NA
"AR1_logistic_glm",0,0.1,0,36,100,1000,4000,108,NA,NA,NA,NA,NA,NA
"AR1_logistic_glm",0,0.0025,0.78125,36,100,500,2000,36,NA,NA,NA,NA,NA,NA
"AR1_logistic_glm",0,0.0025,0.78125,36,100,1000,2000,36,NA,NA,NA,NA,NA,NA
"AR1_logistic_glm",0,0.0025,0.78125,36,100,500,2000,108,NA,NA,NA,NA,NA,NA
"AR1_logistic_glm",0,0.0025,0.78125,36,100,1000,2000,108,NA,NA,NA,NA,NA,NA
"AR1_logistic_glm",0,0.0025,0.78125,36,100,500,4000,36,NA,NA,NA,NA,NA,NA
"AR1_logistic_glm",0,0.0025,0.78125,36,100,1000,4000,36,NA,NA,NA,NA,NA,NA
"AR1_logistic_glm",0,0.0025,0.78125,36,100,500,4000,108,NA,NA,NA,NA,NA,NA
"AR1_logistic_glm",0,0.0025,0.78125,36,100,1000,4000,108,NA,NA,NA,NA,NA,NA
"AR1_logistic_glm",0,0.005,0.78125,36,100,500,2000,36,NA,NA,NA,NA,NA,NA
"AR1_logistic_glm",0,0.005,0.78125,36,100,1000,2000,36,NA,NA,NA,NA,NA,NA
"AR1_logistic_glm",0,0.005,0.78125,36,100,500,2000,108,NA,NA,NA,NA,NA,NA
"AR1_logistic_glm",0,0.005,0.78125,36,100,1000,2000,108,NA,NA,NA,NA,NA,NA
"AR1_logistic_glm",0,0.005,0.78125,36,100,500,4000,36,NA,NA,NA,NA,NA,NA
"AR1_logistic_glm",0,0.005,0.78125,36,100,1000,4000,36,NA,NA,NA,NA,NA,NA
"AR1_logistic_glm",0,0.005,0.78125,36,100,500,4000,108,NA,NA,NA,NA,NA,NA
"AR1_logistic_glm",0,0.005,0.78125,36,100,1000,4000,108,NA,NA,NA,NA,NA,NA
"AR1_logistic_glm",0,0.01,0.78125,36,100,500,2000,36,NA,NA,NA,NA,NA,NA
"AR1_logistic_glm",0,0.01,0.78125,36,100,1000,2000,36,NA,NA,NA,NA,NA,NA
"AR1_logistic_glm",0,0.01,0.78125,36,100,500,2000,108,NA,NA,NA,NA,NA,NA
"AR1_logistic_glm",0,0.01,0.78125,36,100,1000,2000,108,NA,NA,NA,NA,NA,NA
"AR1_logistic_glm",0,0.01,0.78125,36,100,500,4000,36,NA,NA,NA,NA,NA,NA
"AR1_logistic_glm",0,0.01,0.78125,36,100,1000,4000,36,NA,NA,NA,NA,NA,NA
"AR1_logistic_glm",0,0.01,0.78125,36,100,500,4000,108,NA,NA,NA,NA,NA,NA
"AR1_logistic_glm",0,0.01,0.78125,36,100,1000,4000,108,NA,NA,NA,NA,NA,NA
"AR1_logistic_glm",0,0.1,0.78125,36,100,500,2000,36,NA,NA,NA,NA,NA,NA
"AR1_logistic_glm",0,0.1,0.78125,36,100,1000,2000,36,NA,NA,NA,NA,NA,NA
"AR1_logistic_glm",0,0.1,0.78125,36,100,500,2000,108,NA,NA,NA,NA,NA,NA
"AR1_logistic_glm",0,0.1,0.78125,36,100,1000,2000,108,NA,NA,NA,NA,NA,NA
"AR1_logistic_glm",0,0.1,0.78125,36,100,500,4000,36,NA,NA,NA,NA,NA,NA
"AR1_logistic_glm",0,0.1,0.78125,36,100,1000,4000,36,NA,NA,NA,NA,NA,NA
"AR1_logistic_glm",0,0.1,0.78125,36,100,500,4000,108,NA,NA,NA,NA,NA,NA
"AR1_logistic_glm",0,0.1,0.78125,36,100,1000,4000,108,NA,NA,NA,NA,NA,NA
"AR1_logistic_glm",0,0.0025,1.5625,36,100,500,2000,36,NA,NA,NA,NA,NA,NA
"AR1_logistic_glm",0,0.0025,1.5625,36,100,1000,2000,36,NA,NA,NA,NA,NA,NA
"AR1_logistic_glm",0,0.0025,1.5625,36,100,500,2000,108,NA,NA,NA,NA,NA,NA
"AR1_logistic_glm",0,0.0025,1.5625,36,100,1000,2000,108,NA,NA,NA,NA,NA,NA
"AR1_logistic_glm",0,0.0025,1.5625,36,100,500,4000,36,NA,NA,NA,NA,NA,NA
"AR1_logistic_glm",0,0.0025,1.5625,36,100,1000,4000,36,NA,NA,NA,NA,NA,NA
"AR1_logistic_glm",0,0.0025,1.5625,36,100,500,4000,108,NA,NA,NA,NA,NA,NA
"AR1_logistic_glm",0,0.0025,1.5625,36,100,1000,4000,108,NA,NA,NA,NA,NA,NA
"AR1_logistic_glm",0,0.005,1.5625,36,100,500,2000,36,NA,NA,NA,NA,NA,NA
"AR1_logistic_glm",0,0.005,1.5625,36,100,1000,2000,36,NA,NA,NA,NA,NA,NA
"AR1_logistic_glm",0,0.005,1.5625,36,100,500,2000,108,NA,NA,NA,NA,NA,NA
"AR1_logistic_glm",0,0.005,1.5625,36,100,1000,2000,108,NA,NA,NA,NA,NA,NA
"AR1_logistic_glm",0,0.005,1.5625,36,100,500,4000,36,NA,NA,NA,NA,NA,NA
"AR1_logistic_glm",0,0.005,1.5625,36,100,1000,4000,36,NA,NA,NA,NA,NA,NA
"AR1_logistic_glm",0,0.005,1.5625,36,100,500,4000,108,NA,NA,NA,NA,NA,NA
"AR1_logistic_glm",0,0.005,1.5625,36,100,1000,4000,108,NA,NA,NA,NA,NA,NA
"AR1_logistic_glm",0,0.01,1.5625,36,100,500,2000,36,NA,NA,NA,NA,NA,NA
"AR1_logistic_glm",0,0.01,1.5625,36,100,1000,2000,36,NA,NA,NA,NA,NA,NA
"AR1_logistic_glm",0,0.01,1.5625,36,100,500,2000,108,NA,NA,NA,NA,NA,NA
"AR1_logistic_glm",0,0.01,1.5625,36,100,1000,2000,108,NA,NA,NA,NA,NA,NA
"AR1_logistic_glm",0,0.01,1.5625,36,100,500,4000,36,NA,NA,NA,NA,NA,NA
"AR1_logistic_glm",0,0.01,1.5625,36,100,1000,4000,36,NA,NA,NA,NA,NA,NA
"AR1_logistic_glm",0,0.01,1.5625,36,100,500,4000,108,NA,NA,NA,NA,NA,NA
"AR1_logistic_glm",0,0.01,1.5625,36,100,1000,4000,108,NA,NA,NA,NA,NA,NA
"AR1_logistic_glm",0,0.1,1.5625,36,100,500,2000,36,NA,NA,NA,NA,NA,NA
"AR1_logistic_glm",0,0.1,1.5625,36,100,1000,2000,36,NA,NA,NA,NA,NA,NA
"AR1_logistic_glm",0,0.1,1.5625,36,100,500,2000,108,NA,NA,NA,NA,NA,NA
"AR1_logistic_glm",0,0.1,1.5625,36,100,1000,2000,108,NA,NA,NA,NA,NA,NA
"AR1_logistic_glm",0,0.1,1.5625,36,100,500,4000,36,NA,NA,NA,NA,NA,NA
"AR1_logistic_glm",0,0.1,1.5625,36,100,1000,4000,36,NA,NA,NA,NA,NA,NA
"AR1_logistic_glm",0,0.1,1.5625,36,100,500,4000,108,NA,NA,NA,NA,NA,NA
"AR1_logistic_glm",0,0.1,1.5625,36,100,1000,4000,108,NA,NA,NA,NA,NA,NA
"AR1_logistic_glm",0,0.0025,3.125,36,100,500,2000,36,NA,NA,NA,NA,NA,NA
"AR1_logistic_glm",0,0.0025,3.125,36,100,1000,2000,36,NA,NA,NA,NA,NA,NA
"AR1_logistic_glm",0,0.0025,3.125,36,100,500,2000,108,NA,NA,NA,NA,NA,NA
"AR1_logistic_glm",0,0.0025,3.125,36,100,1000,2000,108,NA,NA,NA,NA,NA,NA
"AR1_logistic_glm",0,0.0025,3.125,36,100,500,4000,36,NA,NA,NA,NA,NA,NA
"AR1_logistic_glm",0,0.0025,3.125,36,100,1000,4000,36,NA,NA,NA,NA,NA,NA
"AR1_logistic_glm",0,0.0025,3.125,36,100,500,4000,108,NA,NA,NA,NA,NA,NA
"AR1_logistic_glm",0,0.0025,3.125,36,100,1000,4000,108,NA,NA,NA,NA,NA,NA
"AR1_logistic_glm",0,0.005,3.125,36,100,500,2000,36,NA,NA,NA,NA,NA,NA
"AR1_logistic_glm",0,0.005,3.125,36,100,1000,2000,36,NA,NA,NA,NA,NA,NA
"AR1_logistic_glm",0,0.005,3.125,36,100,500,2000,108,NA,NA,NA,NA,NA,NA
"AR1_logistic_glm",0,0.005,3.125,36,100,1000,2000,108,NA,NA,NA,NA,NA,NA
"AR1_logistic_glm",0,0.005,3.125,36,100,500,4000,36,NA,NA,NA,NA,NA,NA
"AR1_logistic_glm",0,0.005,3.125,36,100,1000,4000,36,NA,NA,NA,NA,NA,NA
"AR1_logistic_glm",0,0.005,3.125,36,100,500,4000,108,NA,NA,NA,NA,NA,NA
"AR1_logistic_glm",0,0.005,3.125,36,100,1000,4000,108,NA,NA,NA,NA,NA,NA
"AR1_logistic_glm",0,0.01,3.125,36,100,500,2000,36,NA,NA,NA,NA,NA,NA
"AR1_logistic_glm",0,0.01,3.125,36,100,1000,2000,36,NA,NA,NA,NA,NA,NA
"AR1_logistic_glm",0,0.01,3.125,36,100,500,2000,108,NA,NA,NA,NA,NA,NA
"AR1_logistic_glm",0,0.01,3.125,36,100,1000,2000,108,NA,NA,NA,NA,NA,NA
"AR1_logistic_glm",0,0.01,3.125,36,100,500,4000,36,NA,NA,NA,NA,NA,NA
"AR1_logistic_glm",0,0.01,3.125,36,100,1000,4000,36,NA,NA,NA,NA,NA,NA
"AR1_logistic_glm",0,0.01,3.125,36,100,500,4000,108,NA,NA,NA,NA,NA,NA
"AR1_logistic_glm",0,0.01,3.125,36,100,1000,4000,108,NA,NA,NA,NA,NA,NA
"AR1_logistic_glm",0,0.1,3.125,36,100,500,2000,36,NA,NA,NA,NA,NA,NA
"AR1_logistic_glm",0,0.1,3.125,36,100,1000,2000,36,NA,NA,NA,NA,NA,NA
"AR1_logistic_glm",0,0.1,3.125,36,100,500,2000,108,NA,NA,NA,NA,NA,NA
"AR1_logistic_glm",0,0.1,3.125,36,100,1000,2000,108,NA,NA,NA,NA,NA,NA
"AR1_logistic_glm",0,0.1,3.125,36,100,500,4000,36,NA,NA,NA,NA,NA,NA
"AR1_logistic_glm",0,0.1,3.125,36,100,1000,4000,36,NA,NA,NA,NA,NA,NA
"AR1_logistic_glm",0,0.1,3.125,36,100,500,4000,108,NA,NA,NA,NA,NA,NA
"AR1_logistic_glm",0,0.1,3.125,36,100,1000,4000,108,NA,NA,NA,NA,NA,NA
"AR1_logistic_glm",0,0.0025,0,12,3000,500,2000,36,NA,NA,NA,NA,NA,NA
"AR1_logistic_glm",0,0.0025,0,12,3000,1000,2000,36,NA,NA,NA,NA,NA,NA
"AR1_logistic_glm",0,0.0025,0,12,3000,500,2000,108,NA,NA,NA,NA,NA,NA
"AR1_logistic_glm",0,0.0025,0,12,3000,1000,2000,108,NA,NA,NA,NA,NA,NA
"AR1_logistic_glm",0,0.0025,0,12,3000,500,4000,36,NA,NA,NA,NA,NA,NA
"AR1_logistic_glm",0,0.0025,0,12,3000,1000,4000,36,NA,NA,NA,NA,NA,NA
"AR1_logistic_glm",0,0.0025,0,12,3000,500,4000,108,NA,NA,NA,NA,NA,NA
"AR1_logistic_glm",0,0.0025,0,12,3000,1000,4000,108,NA,NA,NA,NA,NA,NA
"AR1_logistic_glm",0,0.005,0,12,3000,500,2000,36,NA,NA,NA,NA,NA,NA
"AR1_logistic_glm",0,0.005,0,12,3000,1000,2000,36,NA,NA,NA,NA,NA,NA
"AR1_logistic_glm",0,0.005,0,12,3000,500,2000,108,NA,NA,NA,NA,NA,NA
"AR1_logistic_glm",0,0.005,0,12,3000,1000,2000,108,NA,NA,NA,NA,NA,NA
"AR1_logistic_glm",0,0.005,0,12,3000,500,4000,36,NA,NA,NA,NA,NA,NA
"AR1_logistic_glm",0,0.005,0,12,3000,1000,4000,36,NA,NA,NA,NA,NA,NA
"AR1_logistic_glm",0,0.005,0,12,3000,500,4000,108,NA,NA,NA,NA,NA,NA
"AR1_logistic_glm",0,0.005,0,12,3000,1000,4000,108,NA,NA,NA,NA,NA,NA
"AR1_logistic_glm",0,0.01,0,12,3000,500,2000,36,NA,NA,NA,NA,NA,NA
"AR1_logistic_glm",0,0.01,0,12,3000,1000,2000,36,NA,NA,NA,NA,NA,NA
"AR1_logistic_glm",0,0.01,0,12,3000,500,2000,108,NA,NA,NA,NA,NA,NA
"AR1_logistic_glm",0,0.01,0,12,3000,1000,2000,108,NA,NA,NA,NA,NA,NA
"AR1_logistic_glm",0,0.01,0,12,3000,500,4000,36,NA,NA,NA,NA,NA,NA
"AR1_logistic_glm",0,0.01,0,12,3000,1000,4000,36,NA,NA,NA,NA,NA,NA
"AR1_logistic_glm",0,0.01,0,12,3000,500,4000,108,NA,NA,NA,NA,NA,NA
"AR1_logistic_glm",0,0.01,0,12,3000,1000,4000,108,NA,NA,NA,NA,NA,NA
"AR1_logistic_glm",0,0.1,0,12,3000,500,2000,36,NA,NA,NA,NA,NA,NA
"AR1_logistic_glm",0,0.1,0,12,3000,1000,2000,36,NA,NA,NA,NA,NA,NA
"AR1_logistic_glm",0,0.1,0,12,3000,500,2000,108,NA,NA,NA,NA,NA,NA
"AR1_logistic_glm",0,0.1,0,12,3000,1000,2000,108,NA,NA,NA,NA,NA,NA
"AR1_logistic_glm",0,0.1,0,12,3000,500,4000,36,NA,NA,NA,NA,NA,NA
"AR1_logistic_glm",0,0.1,0,12,3000,1000,4000,36,NA,NA,NA,NA,NA,NA
"AR1_logistic_glm",0,0.1,0,12,3000,500,4000,108,NA,NA,NA,NA,NA,NA
"AR1_logistic_glm",0,0.1,0,12,3000,1000,4000,108,NA,NA,NA,NA,NA,NA
"AR1_logistic_glm",0,0.0025,0.78125,12,3000,500,2000,36,NA,NA,NA,NA,NA,NA
"AR1_logistic_glm",0,0.0025,0.78125,12,3000,1000,2000,36,NA,NA,NA,NA,NA,NA
"AR1_logistic_glm",0,0.0025,0.78125,12,3000,500,2000,108,NA,NA,NA,NA,NA,NA
"AR1_logistic_glm",0,0.0025,0.78125,12,3000,1000,2000,108,NA,NA,NA,NA,NA,NA
"AR1_logistic_glm",0,0.0025,0.78125,12,3000,500,4000,36,NA,NA,NA,NA,NA,NA
"AR1_logistic_glm",0,0.0025,0.78125,12,3000,1000,4000,36,NA,NA,NA,NA,NA,NA
"AR1_logistic_glm",0,0.0025,0.78125,12,3000,500,4000,108,NA,NA,NA,NA,NA,NA
"AR1_logistic_glm",0,0.0025,0.78125,12,3000,1000,4000,108,NA,NA,NA,NA,NA,NA
"AR1_logistic_glm",0,0.005,0.78125,12,3000,500,2000,36,NA,NA,NA,NA,NA,NA
"AR1_logistic_glm",0,0.005,0.78125,12,3000,1000,2000,36,NA,NA,NA,NA,NA,NA
"AR1_logistic_glm",0,0.005,0.78125,12,3000,500,2000,108,NA,NA,NA,NA,NA,NA
"AR1_logistic_glm",0,0.005,0.78125,12,3000,1000,2000,108,NA,NA,NA,NA,NA,NA
"AR1_logistic_glm",0,0.005,0.78125,12,3000,500,4000,36,NA,NA,NA,NA,NA,NA
"AR1_logistic_glm",0,0.005,0.78125,12,3000,1000,4000,36,NA,NA,NA,NA,NA,NA
"AR1_logistic_glm",0,0.005,0.78125,12,3000,500,4000,108,NA,NA,NA,NA,NA,NA
"AR1_logistic_glm",0,0.005,0.78125,12,3000,1000,4000,108,NA,NA,NA,NA,NA,NA
"AR1_logistic_glm",0,0.01,0.78125,12,3000,500,2000,36,NA,NA,NA,NA,NA,NA
"AR1_logistic_glm",0,0.01,0.78125,12,3000,1000,2000,36,NA,NA,NA,NA,NA,NA
"AR1_logistic_glm",0,0.01,0.78125,12,3000,500,2000,108,NA,NA,NA,NA,NA,NA
"AR1_logistic_glm",0,0.01,0.78125,12,3000,1000,2000,108,NA,NA,NA,NA,NA,NA
"AR1_logistic_glm",0,0.01,0.78125,12,3000,500,4000,36,NA,NA,NA,NA,NA,NA
"AR1_logistic_glm",0,0.01,0.78125,12,3000,1000,4000,36,NA,NA,NA,NA,NA,NA
"AR1_logistic_glm",0,0.01,0.78125,12,3000,500,4000,108,NA,NA,NA,NA,NA,NA
"AR1_logistic_glm",0,0.01,0.78125,12,3000,1000,4000,108,NA,NA,NA,NA,NA,NA
"AR1_logistic_glm",0,0.1,0.78125,12,3000,500,2000,36,NA,NA,NA,NA,NA,NA
"AR1_logistic_glm",0,0.1,0.78125,12,3000,1000,2000,36,NA,NA,NA,NA,NA,NA
"AR1_logistic_glm",0,0.1,0.78125,12,3000,500,2000,108,NA,NA,NA,NA,NA,NA
"AR1_logistic_glm",0,0.1,0.78125,12,3000,1000,2000,108,NA,NA,NA,NA,NA,NA
"AR1_logistic_glm",0,0.1,0.78125,12,3000,500,4000,36,NA,NA,NA,NA,NA,NA
"AR1_logistic_glm",0,0.1,0.78125,12,3000,1000,4000,36,NA,NA,NA,NA,NA,NA
"AR1_logistic_glm",0,0.1,0.78125,12,3000,500,4000,108,NA,NA,NA,NA,NA,NA
"AR1_logistic_glm",0,0.1,0.78125,12,3000,1000,4000,108,NA,NA,NA,NA,NA,NA
"AR1_logistic_glm",0,0.0025,1.5625,12,3000,500,2000,36,NA,NA,NA,NA,NA,NA
"AR1_logistic_glm",0,0.0025,1.5625,12,3000,1000,2000,36,NA,NA,NA,NA,NA,NA
"AR1_logistic_glm",0,0.0025,1.5625,12,3000,500,2000,108,NA,NA,NA,NA,NA,NA
"AR1_logistic_glm",0,0.0025,1.5625,12,3000,1000,2000,108,NA,NA,NA,NA,NA,NA
"AR1_logistic_glm",0,0.0025,1.5625,12,3000,500,4000,36,NA,NA,NA,NA,NA,NA
"AR1_logistic_glm",0,0.0025,1.5625,12,3000,1000,4000,36,NA,NA,NA,NA,NA,NA
"AR1_logistic_glm",0,0.0025,1.5625,12,3000,500,4000,108,NA,NA,NA,NA,NA,NA
"AR1_logistic_glm",0,0.0025,1.5625,12,3000,1000,4000,108,NA,NA,NA,NA,NA,NA
"AR1_logistic_glm",0,0.005,1.5625,12,3000,500,2000,36,NA,NA,NA,NA,NA,NA
"AR1_logistic_glm",0,0.005,1.5625,12,3000,1000,2000,36,NA,NA,NA,NA,NA,NA
"AR1_logistic_glm",0,0.005,1.5625,12,3000,500,2000,108,NA,NA,NA,NA,NA,NA
"AR1_logistic_glm",0,0.005,1.5625,12,3000,1000,2000,108,NA,NA,NA,NA,NA,NA
"AR1_logistic_glm",0,0.005,1.5625,12,3000,500,4000,36,NA,NA,NA,NA,NA,NA
"AR1_logistic_glm",0,0.005,1.5625,12,3000,1000,4000,36,NA,NA,NA,NA,NA,NA
"AR1_logistic_glm",0,0.005,1.5625,12,3000,500,4000,108,NA,NA,NA,NA,NA,NA
"AR1_logistic_glm",0,0.005,1.5625,12,3000,1000,4000,108,NA,NA,NA,NA,NA,NA
"AR1_logistic_glm",0,0.01,1.5625,12,3000,500,2000,36,NA,NA,NA,NA,NA,NA
"AR1_logistic_glm",0,0.01,1.5625,12,3000,1000,2000,36,NA,NA,NA,NA,NA,NA
"AR1_logistic_glm",0,0.01,1.5625,12,3000,500,2000,108,NA,NA,NA,NA,NA,NA
"AR1_logistic_glm",0,0.01,1.5625,12,3000,1000,2000,108,NA,NA,NA,NA,NA,NA
"AR1_logistic_glm",0,0.01,1.5625,12,3000,500,4000,36,NA,NA,NA,NA,NA,NA
"AR1_logistic_glm",0,0.01,1.5625,12,3000,1000,4000,36,NA,NA,NA,NA,NA,NA
"AR1_logistic_glm",0,0.01,1.5625,12,3000,500,4000,108,NA,NA,NA,NA,NA,NA
"AR1_logistic_glm",0,0.01,1.5625,12,3000,1000,4000,108,NA,NA,NA,NA,NA,NA
"AR1_logistic_glm",0,0.1,1.5625,12,3000,500,2000,36,NA,NA,NA,NA,NA,NA
"AR1_logistic_glm",0,0.1,1.5625,12,3000,1000,2000,36,NA,NA,NA,NA,NA,NA
"AR1_logistic_glm",0,0.1,1.5625,12,3000,500,2000,108,NA,NA,NA,NA,NA,NA
"AR1_logistic_glm",0,0.1,1.5625,12,3000,1000,2000,108,NA,NA,NA,NA,NA,NA
"AR1_logistic_glm",0,0.1,1.5625,12,3000,500,4000,36,NA,NA,NA,NA,NA,NA
"AR1_logistic_glm",0,0.1,1.5625,12,3000,1000,4000,36,NA,NA,NA,NA,NA,NA
"AR1_logistic_glm",0,0.1,1.5625,12,3000,500,4000,108,NA,NA,NA,NA,NA,NA
"AR1_logistic_glm",0,0.1,1.5625,12,3000,1000,4000,108,NA,NA,NA,NA,NA,NA
"AR1_logistic_glm",0,0.0025,3.125,12,3000,500,2000,36,NA,NA,NA,NA,NA,NA
"AR1_logistic_glm",0,0.0025,3.125,12,3000,1000,2000,36,NA,NA,NA,NA,NA,NA
"AR1_logistic_glm",0,0.0025,3.125,12,3000,500,2000,108,NA,NA,NA,NA,NA,NA
"AR1_logistic_glm",0,0.0025,3.125,12,3000,1000,2000,108,NA,NA,NA,NA,NA,NA
"AR1_logistic_glm",0,0.0025,3.125,12,3000,500,4000,36,NA,NA,NA,NA,NA,NA
"AR1_logistic_glm",0,0.0025,3.125,12,3000,1000,4000,36,NA,NA,NA,NA,NA,NA
"AR1_logistic_glm",0,0.0025,3.125,12,3000,500,4000,108,NA,NA,NA,NA,NA,NA
"AR1_logistic_glm",0,0.0025,3.125,12,3000,1000,4000,108,NA,NA,NA,NA,NA,NA
"AR1_logistic_glm",0,0.005,3.125,12,3000,500,2000,36,NA,NA,NA,NA,NA,NA
"AR1_logistic_glm",0,0.005,3.125,12,3000,1000,2000,36,NA,NA,NA,NA,NA,NA
"AR1_logistic_glm",0,0.005,3.125,12,3000,500,2000,108,NA,NA,NA,NA,NA,NA
"AR1_logistic_glm",0,0.005,3.125,12,3000,1000,2000,108,NA,NA,NA,NA,NA,NA
"AR1_logistic_glm",0,0.005,3.125,12,3000,500,4000,36,NA,NA,NA,NA,NA,NA
"AR1_logistic_glm",0,0.005,3.125,12,3000,1000,4000,36,NA,NA,NA,NA,NA,NA
"AR1_logistic_glm",0,0.005,3.125,12,3000,500,4000,108,NA,NA,NA,NA,NA,NA
"AR1_logistic_glm",0,0.005,3.125,12,3000,1000,4000,108,NA,NA,NA,NA,NA,NA
"AR1_logistic_glm",0,0.01,3.125,12,3000,500,2000,36,NA,NA,NA,NA,NA,NA
"AR1_logistic_glm",0,0.01,3.125,12,3000,1000,2000,36,NA,NA,NA,NA,NA,NA
"AR1_logistic_glm",0,0.01,3.125,12,3000,500,2000,108,NA,NA,NA,NA,NA,NA
"AR1_logistic_glm",0,0.01,3.125,12,3000,1000,2000,108,NA,NA,NA,NA,NA,NA
"AR1_logistic_glm",0,0.01,3.125,12,3000,500,4000,36,NA,NA,NA,NA,NA,NA
"AR1_logistic_glm",0,0.01,3.125,12,3000,1000,4000,36,NA,NA,NA,NA,NA,NA
"AR1_logistic_glm",0,0.01,3.125,12,3000,500,4000,108,NA,NA,NA,NA,NA,NA
"AR1_logistic_glm",0,0.01,3.125,12,3000,1000,4000,108,NA,NA,NA,NA,NA,NA
"AR1_logistic_glm",0,0.1,3.125,12,3000,500,2000,36,NA,NA,NA,NA,NA,NA
"AR1_logistic_glm",0,0.1,3.125,12,3000,1000,2000,36,NA,NA,NA,NA,NA,NA
"AR1_logistic_glm",0,0.1,3.125,12,3000,500,2000,108,NA,NA,NA,NA,NA,NA
"AR1_logistic_glm",0,0.1,3.125,12,3000,1000,2000,108,NA,NA,NA,NA,NA,NA
"AR1_logistic_glm",0,0.1,3.125,12,3000,500,4000,36,NA,NA,NA,NA,NA,NA
"AR1_logistic_glm",0,0.1,3.125,12,3000,1000,4000,36,NA,NA,NA,NA,NA,NA
"AR1_logistic_glm",0,0.1,3.125,12,3000,500,4000,108,NA,NA,NA,NA,NA,NA
"AR1_logistic_glm",0,0.1,3.125,12,3000,1000,4000,108,NA,NA,NA,NA,NA,NA
"AR1_logistic_glm",0,0.0025,0,36,3000,500,2000,36,NA,NA,NA,NA,NA,NA
"AR1_logistic_glm",0,0.0025,0,36,3000,1000,2000,36,NA,NA,NA,NA,NA,NA
"AR1_logistic_glm",0,0.0025,0,36,3000,500,2000,108,NA,NA,NA,NA,NA,NA
"AR1_logistic_glm",0,0.0025,0,36,3000,1000,2000,108,NA,NA,NA,NA,NA,NA
"AR1_logistic_glm",0,0.0025,0,36,3000,500,4000,36,NA,NA,NA,NA,NA,NA
"AR1_logistic_glm",0,0.0025,0,36,3000,1000,4000,36,NA,NA,NA,NA,NA,NA
"AR1_logistic_glm",0,0.0025,0,36,3000,500,4000,108,NA,NA,NA,NA,NA,NA
"AR1_logistic_glm",0,0.0025,0,36,3000,1000,4000,108,NA,NA,NA,NA,NA,NA
"AR1_logistic_glm",0,0.005,0,36,3000,500,2000,36,NA,NA,NA,NA,NA,NA
"AR1_logistic_glm",0,0.005,0,36,3000,1000,2000,36,NA,NA,NA,NA,NA,NA
"AR1_logistic_glm",0,0.005,0,36,3000,500,2000,108,NA,NA,NA,NA,NA,NA
"AR1_logistic_glm",0,0.005,0,36,3000,1000,2000,108,NA,NA,NA,NA,NA,NA
"AR1_logistic_glm",0,0.005,0,36,3000,500,4000,36,NA,NA,NA,NA,NA,NA
"AR1_logistic_glm",0,0.005,0,36,3000,1000,4000,36,NA,NA,NA,NA,NA,NA
"AR1_logistic_glm",0,0.005,0,36,3000,500,4000,108,NA,NA,NA,NA,NA,NA
"AR1_logistic_glm",0,0.005,0,36,3000,1000,4000,108,NA,NA,NA,NA,NA,NA
"AR1_logistic_glm",0,0.01,0,36,3000,500,2000,36,NA,NA,NA,NA,NA,NA
"AR1_logistic_glm",0,0.01,0,36,3000,1000,2000,36,NA,NA,NA,NA,NA,NA
"AR1_logistic_glm",0,0.01,0,36,3000,500,2000,108,NA,NA,NA,NA,NA,NA
"AR1_logistic_glm",0,0.01,0,36,3000,1000,2000,108,NA,NA,NA,NA,NA,NA
"AR1_logistic_glm",0,0.01,0,36,3000,500,4000,36,NA,NA,NA,NA,NA,NA
"AR1_logistic_glm",0,0.01,0,36,3000,1000,4000,36,NA,NA,NA,NA,NA,NA
"AR1_logistic_glm",0,0.01,0,36,3000,500,4000,108,NA,NA,NA,NA,NA,NA
"AR1_logistic_glm",0,0.01,0,36,3000,1000,4000,108,NA,NA,NA,NA,NA,NA
"AR1_logistic_glm",0,0.1,0,36,3000,500,2000,36,NA,NA,NA,NA,NA,NA
"AR1_logistic_glm",0,0.1,0,36,3000,1000,2000,36,NA,NA,NA,NA,NA,NA
"AR1_logistic_glm",0,0.1,0,36,3000,500,2000,108,NA,NA,NA,NA,NA,NA
"AR1_logistic_glm",0,0.1,0,36,3000,1000,2000,108,NA,NA,NA,NA,NA,NA
"AR1_logistic_glm",0,0.1,0,36,3000,500,4000,36,NA,NA,NA,NA,NA,NA
"AR1_logistic_glm",0,0.1,0,36,3000,1000,4000,36,NA,NA,NA,NA,NA,NA
"AR1_logistic_glm",0,0.1,0,36,3000,500,4000,108,NA,NA,NA,NA,NA,NA
"AR1_logistic_glm",0,0.1,0,36,3000,1000,4000,108,NA,NA,NA,NA,NA,NA
"AR1_logistic_glm",0,0.0025,0.78125,36,3000,500,2000,36,NA,NA,NA,NA,NA,NA
"AR1_logistic_glm",0,0.0025,0.78125,36,3000,1000,2000,36,NA,NA,NA,NA,NA,NA
"AR1_logistic_glm",0,0.0025,0.78125,36,3000,500,2000,108,NA,NA,NA,NA,NA,NA
"AR1_logistic_glm",0,0.0025,0.78125,36,3000,1000,2000,108,NA,NA,NA,NA,NA,NA
"AR1_logistic_glm",0,0.0025,0.78125,36,3000,500,4000,36,NA,NA,NA,NA,NA,NA
"AR1_logistic_glm",0,0.0025,0.78125,36,3000,1000,4000,36,NA,NA,NA,NA,NA,NA
"AR1_logistic_glm",0,0.0025,0.78125,36,3000,500,4000,108,NA,NA,NA,NA,NA,NA
"AR1_logistic_glm",0,0.0025,0.78125,36,3000,1000,4000,108,NA,NA,NA,NA,NA,NA
"AR1_logistic_glm",0,0.005,0.78125,36,3000,500,2000,36,NA,NA,NA,NA,NA,NA
"AR1_logistic_glm",0,0.005,0.78125,36,3000,1000,2000,36,NA,NA,NA,NA,NA,NA
"AR1_logistic_glm",0,0.005,0.78125,36,3000,500,2000,108,NA,NA,NA,NA,NA,NA
"AR1_logistic_glm",0,0.005,0.78125,36,3000,1000,2000,108,NA,NA,NA,NA,NA,NA
"AR1_logistic_glm",0,0.005,0.78125,36,3000,500,4000,36,NA,NA,NA,NA,NA,NA
"AR1_logistic_glm",0,0.005,0.78125,36,3000,1000,4000,36,NA,NA,NA,NA,NA,NA
"AR1_logistic_glm",0,0.005,0.78125,36,3000,500,4000,108,NA,NA,NA,NA,NA,NA
"AR1_logistic_glm",0,0.005,0.78125,36,3000,1000,4000,108,NA,NA,NA,NA,NA,NA
"AR1_logistic_glm",0,0.01,0.78125,36,3000,500,2000,36,NA,NA,NA,NA,NA,NA
"AR1_logistic_glm",0,0.01,0.78125,36,3000,1000,2000,36,NA,NA,NA,NA,NA,NA
"AR1_logistic_glm",0,0.01,0.78125,36,3000,500,2000,108,NA,NA,NA,NA,NA,NA
"AR1_logistic_glm",0,0.01,0.78125,36,3000,1000,2000,108,NA,NA,NA,NA,NA,NA
"AR1_logistic_glm",0,0.01,0.78125,36,3000,500,4000,36,NA,NA,NA,NA,NA,NA
"AR1_logistic_glm",0,0.01,0.78125,36,3000,1000,4000,36,NA,NA,NA,NA,NA,NA
"AR1_logistic_glm",0,0.01,0.78125,36,3000,500,4000,108,NA,NA,NA,NA,NA,NA
"AR1_logistic_glm",0,0.01,0.78125,36,3000,1000,4000,108,NA,NA,NA,NA,NA,NA
"AR1_logistic_glm",0,0.1,0.78125,36,3000,500,2000,36,NA,NA,NA,NA,NA,NA
"AR1_logistic_glm",0,0.1,0.78125,36,3000,1000,2000,36,NA,NA,NA,NA,NA,NA
"AR1_logistic_glm",0,0.1,0.78125,36,3000,500,2000,108,NA,NA,NA,NA,NA,NA
"AR1_logistic_glm",0,0.1,0.78125,36,3000,1000,2000,108,NA,NA,NA,NA,NA,NA
"AR1_logistic_glm",0,0.1,0.78125,36,3000,500,4000,36,NA,NA,NA,NA,NA,NA
"AR1_logistic_glm",0,0.1,0.78125,36,3000,1000,4000,36,NA,NA,NA,NA,NA,NA
"AR1_logistic_glm",0,0.1,0.78125,36,3000,500,4000,108,NA,NA,NA,NA,NA,NA
"AR1_logistic_glm",0,0.1,0.78125,36,3000,1000,4000,108,NA,NA,NA,NA,NA,NA
"AR1_logistic_glm",0,0.0025,1.5625,36,3000,500,2000,36,NA,NA,NA,NA,NA,NA
"AR1_logistic_glm",0,0.0025,1.5625,36,3000,1000,2000,36,NA,NA,NA,NA,NA,NA
"AR1_logistic_glm",0,0.0025,1.5625,36,3000,500,2000,108,NA,NA,NA,NA,NA,NA
"AR1_logistic_glm",0,0.0025,1.5625,36,3000,1000,2000,108,NA,NA,NA,NA,NA,NA
"AR1_logistic_glm",0,0.0025,1.5625,36,3000,500,4000,36,NA,NA,NA,NA,NA,NA
"AR1_logistic_glm",0,0.0025,1.5625,36,3000,1000,4000,36,NA,NA,NA,NA,NA,NA
"AR1_logistic_glm",0,0.0025,1.5625,36,3000,500,4000,108,NA,NA,NA,NA,NA,NA
"AR1_logistic_glm",0,0.0025,1.5625,36,3000,1000,4000,108,NA,NA,NA,NA,NA,NA
"AR1_logistic_glm",0,0.005,1.5625,36,3000,500,2000,36,NA,NA,NA,NA,NA,NA
"AR1_logistic_glm",0,0.005,1.5625,36,3000,1000,2000,36,NA,NA,NA,NA,NA,NA
"AR1_logistic_glm",0,0.005,1.5625,36,3000,500,2000,108,NA,NA,NA,NA,NA,NA
"AR1_logistic_glm",0,0.005,1.5625,36,3000,1000,2000,108,NA,NA,NA,NA,NA,NA
"AR1_logistic_glm",0,0.005,1.5625,36,3000,500,4000,36,NA,NA,NA,NA,NA,NA
"AR1_logistic_glm",0,0.005,1.5625,36,3000,1000,4000,36,NA,NA,NA,NA,NA,NA
"AR1_logistic_glm",0,0.005,1.5625,36,3000,500,4000,108,NA,NA,NA,NA,NA,NA
"AR1_logistic_glm",0,0.005,1.5625,36,3000,1000,4000,108,NA,NA,NA,NA,NA,NA
"AR1_logistic_glm",0,0.01,1.5625,36,3000,500,2000,36,NA,NA,NA,NA,NA,NA
"AR1_logistic_glm",0,0.01,1.5625,36,3000,1000,2000,36,NA,NA,NA,NA,NA,NA
"AR1_logistic_glm",0,0.01,1.5625,36,3000,500,2000,108,NA,NA,NA,NA,NA,NA
"AR1_logistic_glm",0,0.01,1.5625,36,3000,1000,2000,108,NA,NA,NA,NA,NA,NA
"AR1_logistic_glm",0,0.01,1.5625,36,3000,500,4000,36,NA,NA,NA,NA,NA,NA
"AR1_logistic_glm",0,0.01,1.5625,36,3000,1000,4000,36,NA,NA,NA,NA,NA,NA
"AR1_logistic_glm",0,0.01,1.5625,36,3000,500,4000,108,NA,NA,NA,NA,NA,NA
"AR1_logistic_glm",0,0.01,1.5625,36,3000,1000,4000,108,NA,NA,NA,NA,NA,NA
"AR1_logistic_glm",0,0.1,1.5625,36,3000,500,2000,36,NA,NA,NA,NA,NA,NA
"AR1_logistic_glm",0,0.1,1.5625,36,3000,1000,2000,36,NA,NA,NA,NA,NA,NA
"AR1_logistic_glm",0,0.1,1.5625,36,3000,500,2000,108,NA,NA,NA,NA,NA,NA
"AR1_logistic_glm",0,0.1,1.5625,36,3000,1000,2000,108,NA,NA,NA,NA,NA,NA
"AR1_logistic_glm",0,0.1,1.5625,36,3000,500,4000,36,NA,NA,NA,NA,NA,NA
"AR1_logistic_glm",0,0.1,1.5625,36,3000,1000,4000,36,NA,NA,NA,NA,NA,NA
"AR1_logistic_glm",0,0.1,1.5625,36,3000,500,4000,108,NA,NA,NA,NA,NA,NA
"AR1_logistic_glm",0,0.1,1.5625,36,3000,1000,4000,108,NA,NA,NA,NA,NA,NA
"AR1_logistic_glm",0,0.0025,3.125,36,3000,500,2000,36,NA,NA,NA,NA,NA,NA
"AR1_logistic_glm",0,0.0025,3.125,36,3000,1000,2000,36,NA,NA,NA,NA,NA,NA
"AR1_logistic_glm",0,0.0025,3.125,36,3000,500,2000,108,NA,NA,NA,NA,NA,NA
"AR1_logistic_glm",0,0.0025,3.125,36,3000,1000,2000,108,NA,NA,NA,NA,NA,NA
"AR1_logistic_glm",0,0.0025,3.125,36,3000,500,4000,36,NA,NA,NA,NA,NA,NA
"AR1_logistic_glm",0,0.0025,3.125,36,3000,1000,4000,36,NA,NA,NA,NA,NA,NA
"AR1_logistic_glm",0,0.0025,3.125,36,3000,500,4000,108,NA,NA,NA,NA,NA,NA
"AR1_logistic_glm",0,0.0025,3.125,36,3000,1000,4000,108,NA,NA,NA,NA,NA,NA
"AR1_logistic_glm",0,0.005,3.125,36,3000,500,2000,36,NA,NA,NA,NA,NA,NA
"AR1_logistic_glm",0,0.005,3.125,36,3000,1000,2000,36,NA,NA,NA,NA,NA,NA
"AR1_logistic_glm",0,0.005,3.125,36,3000,500,2000,108,NA,NA,NA,NA,NA,NA
"AR1_logistic_glm",0,0.005,3.125,36,3000,1000,2000,108,NA,NA,NA,NA,NA,NA
"AR1_logistic_glm",0,0.005,3.125,36,3000,500,4000,36,NA,NA,NA,NA,NA,NA
"AR1_logistic_glm",0,0.005,3.125,36,3000,1000,4000,36,NA,NA,NA,NA,NA,NA
"AR1_logistic_glm",0,0.005,3.125,36,3000,500,4000,108,NA,NA,NA,NA,NA,NA
"AR1_logistic_glm",0,0.005,3.125,36,3000,1000,4000,108,NA,NA,NA,NA,NA,NA
"AR1_logistic_glm",0,0.01,3.125,36,3000,500,2000,36,NA,NA,NA,NA,NA,NA
"AR1_logistic_glm",0,0.01,3.125,36,3000,1000,2000,36,NA,NA,NA,NA,NA,NA
"AR1_logistic_glm",0,0.01,3.125,36,3000,500,2000,108,NA,NA,NA,NA,NA,NA
"AR1_logistic_glm",0,0.01,3.125,36,3000,1000,2000,108,NA,NA,NA,NA,NA,NA
"AR1_logistic_glm",0,0.01,3.125,36,3000,500,4000,36,NA,NA,NA,NA,NA,NA
"AR1_logistic_glm",0,0.01,3.125,36,3000,1000,4000,36,NA,NA,NA,NA,NA,NA
"AR1_logistic_glm",0,0.01,3.125,36,3000,500,4000,108,NA,NA,NA,NA,NA,NA
"AR1_logistic_glm",0,0.01,3.125,36,3000,1000,4000,108,NA,NA,NA,NA,NA,NA
"AR1_logistic_glm",0,0.1,3.125,36,3000,500,2000,36,NA,NA,NA,NA,NA,NA
"AR1_logistic_glm",0,0.1,3.125,36,3000,1000,2000,36,NA,NA,NA,NA,NA,NA
"AR1_logistic_glm",0,0.1,3.125,36,3000,500,2000,108,NA,NA,NA,NA,NA,NA
"AR1_logistic_glm",0,0.1,3.125,36,3000,1000,2000,108,NA,NA,NA,NA,NA,NA
"AR1_logistic_glm",0,0.1,3.125,36,3000,500,4000,36,NA,NA,NA,NA,NA,NA
"AR1_logistic_glm",0,0.1,3.125,36,3000,1000,4000,36,NA,NA,NA,NA,NA,NA
"AR1_logistic_glm",0,0.1,3.125,36,3000,500,4000,108,NA,NA,NA,NA,NA,NA
"AR1_logistic_glm",0,0.1,3.125,36,3000,1000,4000,108,NA,NA,NA,NA,NA,NA
"AR1_logistic_lm",0,0.0025,0,12,100,500,2000,36,NA,NA,NA,NA,NA,NA
"AR1_logistic_lm",0,0.0025,0,12,100,1000,2000,36,NA,NA,NA,NA,NA,NA
"AR1_logistic_lm",0,0.0025,0,12,100,500,2000,108,NA,NA,NA,NA,NA,NA
"AR1_logistic_lm",0,0.0025,0,12,100,1000,2000,108,NA,NA,NA,NA,NA,NA
"AR1_logistic_lm",0,0.0025,0,12,100,500,4000,36,NA,NA,NA,NA,NA,NA
"AR1_logistic_lm",0,0.0025,0,12,100,1000,4000,36,NA,NA,NA,NA,NA,NA
"AR1_logistic_lm",0,0.0025,0,12,100,500,4000,108,NA,NA,NA,NA,NA,NA
"AR1_logistic_lm",0,0.0025,0,12,100,1000,4000,108,NA,NA,NA,NA,NA,NA
"AR1_logistic_lm",0,0.005,0,12,100,500,2000,36,0.740877978648961,0.752850028065702,0.965813129431759,0.965442961165049,0.932722646310433,0.169367593214464
"AR1_logistic_lm",0,0.005,0,12,100,1000,2000,36,0.740353737995356,0.752409819306826,0.964194747379747,0.963910641656043,0.932722646310433,0.169367593214464
"AR1_logistic_lm",0,0.005,0,12,100,500,2000,108,NA,NA,NA,NA,NA,NA
"AR1_logistic_lm",0,0.005,0,12,100,1000,2000,108,NA,NA,NA,NA,NA,NA
"AR1_logistic_lm",0,0.005,0,12,100,500,3000,36,0.740248698299712,0.751428842796824,0.968501551300276,0.968142627502557,0.933562577045351,0.163296289548795
"AR1_logistic_lm",0,0.005,0,12,100,1000,3000,36,0.740200927696962,0.751318514237193,0.966852164569324,0.966495976591075,0.933562577045351,0.163296289548795
"AR1_logistic_lm",0,0.005,0,12,100,500,4000,36,0.737867139132373,0.749192781377423,0.970876692551058,0.970442227991073,0.947311016024834,0.161400512382579
"AR1_logistic_lm",0,0.005,0,12,100,1000,4000,36,0.739126762853941,0.750317602567603,0.970483875846164,0.970061517429939,0.947311016024834,0.161400512382579
"AR1_logistic_lm",0,0.005,0,12,100,500,4000,108,NA,NA,NA,NA,NA,NA
"AR1_logistic_lm",0,0.005,0,12,100,1000,4000,108,NA,NA,NA,NA,NA,NA
"AR1_logistic_lm",0,0.01,0,12,100,500,2000,36,0.744076538206001,0.75587144627947,0.961909625333213,0.962160365098075,0.921211107393777,0.217760502317237
"AR1_logistic_lm",0,0.01,0,12,100,1000,2000,36,0.743480144888816,0.755317245583731,0.960465676844686,0.960711369204246,0.921211107393777,0.217760502317237
"AR1_logistic_lm",0,0.01,0,12,100,500,2000,108,NA,NA,NA,NA,NA,NA
"AR1_logistic_lm",0,0.01,0,12,100,1000,2000,108,NA,NA,NA,NA,NA,NA
"AR1_logistic_lm",0,0.01,0,12,100,500,3000,36,0.743756176561747,0.754785339528272,0.965151950738175,0.9652575669383,0.916298216191493,0.21505078165621
"AR1_logistic_lm",0,0.01,0,12,100,1000,3000,36,0.743376251305436,0.754385069320103,0.963370340804582,0.963499927145563,0.916298216191493,0.21505078165621
"AR1_logistic_lm",0,0.01,0,12,100,500,4000,36,0.741538665375542,0.752726246907709,0.96874022944769,0.968156044454525,0.931975453714584,0.214074214074214
"AR1_logistic_lm",0,0.01,0,12,100,1000,4000,36,0.742682597918973,0.753741976400942,0.968730691343587,0.968171086087904,0.931975453714584,0.214074214074214
"AR1_logistic_lm",0,0.01,0,12,100,500,4000,108,NA,NA,NA,NA,NA,NA
"AR1_logistic_lm",0,0.01,0,12,100,1000,4000,108,NA,NA,NA,NA,NA,NA
"AR1_logistic_lm",0,0.1,0,12,100,500,2000,36,0.754997090971721,0.76639697123279,0.941679134525383,0.940558498698034,0.875679265789156,0.568165522892554
"AR1_logistic_lm",0,0.1,0,12,100,1000,2000,36,0.753499426572979,0.764901390389436,0.93976135717942,0.938783452074478,0.875679265789156,0.568165522892554
"AR1_logistic_lm",0,0.1,0,12,100,500,2000,108,NA,NA,NA,NA,NA,NA
"AR1_logistic_lm",0,0.1,0,12,100,1000,2000,108,NA,NA,NA,NA,NA,NA
"AR1_logistic_lm",0,0.1,0,12,100,500,3000,36,0.756446276454174,0.766897560678878,0.945653095818007,0.944468437342547,0.870045248868778,0.559105049054798
"AR1_logistic_lm",0,0.1,0,12,100,1000,3000,36,0.754103773026932,0.764678313885462,0.942470489491082,0.941297223322649,0.870045248868778,0.559105049054798
"AR1_logistic_lm",0,0.1,0,12,100,500,4000,36,0.754736481867285,0.765503946375344,0.948120449977827,0.946355006269031,0.872391255352716,0.559580130100532
"AR1_logistic_lm",0,0.1,0,12,100,1000,4000,36,0.753796380010082,0.764419964349859,0.946565965780558,0.944825422437363,0.872391255352716,0.559580130100532
"AR1_logistic_lm",0,0.1,0,12,100,500,4000,108,NA,NA,NA,NA,NA,NA
"AR1_logistic_lm",0,0.1,0,12,100,1000,4000,108,NA,NA,NA,NA,NA,NA
"AR1_logistic_lm",0,0.0025,0.78125,12,100,500,2000,36,NA,NA,NA,NA,NA,NA
"AR1_logistic_lm",0,0.0025,0.78125,12,100,1000,2000,36,NA,NA,NA,NA,NA,NA
"AR1_logistic_lm",0,0.0025,0.78125,12,100,500,2000,108,NA,NA,NA,NA,NA,NA
"AR1_logistic_lm",0,0.0025,0.78125,12,100,1000,2000,108,NA,NA,NA,NA,NA,NA
"AR1_logistic_lm",0,0.0025,0.78125,12,100,500,4000,36,NA,NA,NA,NA,NA,NA
"AR1_logistic_lm",0,0.0025,0.78125,12,100,1000,4000,36,NA,NA,NA,NA,NA,NA
"AR1_logistic_lm",0,0.0025,0.78125,12,100,500,4000,108,NA,NA,NA,NA,NA,NA
"AR1_logistic_lm",0,0.0025,0.78125,12,100,1000,4000,108,NA,NA,NA,NA,NA,NA
"AR1_logistic_lm",0,0.005,0.78125,12,100,500,2000,36,NA,NA,NA,NA,NA,NA
"AR1_logistic_lm",0,0.005,0.78125,12,100,1000,2000,36,NA,NA,NA,NA,NA,NA
"AR1_logistic_lm",0,0.005,0.78125,12,100,500,2000,108,NA,NA,NA,NA,NA,NA
"AR1_logistic_lm",0,0.005,0.78125,12,100,1000,2000,108,NA,NA,NA,NA,NA,NA
"AR1_logistic_lm",0,0.005,0.78125,12,100,500,4000,36,NA,NA,NA,NA,NA,NA
"AR1_logistic_lm",0,0.005,0.78125,12,100,1000,4000,36,NA,NA,NA,NA,NA,NA
"AR1_logistic_lm",0,0.005,0.78125,12,100,500,4000,108,NA,NA,NA,NA,NA,NA
"AR1_logistic_lm",0,0.005,0.78125,12,100,1000,4000,108,NA,NA,NA,NA,NA,NA
"AR1_logistic_lm",0,0.01,0.78125,12,100,500,2000,36,NA,NA,NA,NA,NA,NA
"AR1_logistic_lm",0,0.01,0.78125,12,100,1000,2000,36,NA,NA,NA,NA,NA,NA
"AR1_logistic_lm",0,0.01,0.78125,12,100,500,2000,108,NA,NA,NA,NA,NA,NA
"AR1_logistic_lm",0,0.01,0.78125,12,100,1000,2000,108,NA,NA,NA,NA,NA,NA
"AR1_logistic_lm",0,0.01,0.78125,12,100,500,4000,36,NA,NA,NA,NA,NA,NA
"AR1_logistic_lm",0,0.01,0.78125,12,100,1000,4000,36,NA,NA,NA,NA,NA,NA
"AR1_logistic_lm",0,0.01,0.78125,12,100,500,4000,108,NA,NA,NA,NA,NA,NA
"AR1_logistic_lm",0,0.01,0.78125,12,100,1000,4000,108,NA,NA,NA,NA,NA,NA
"AR1_logistic_lm",0,0.1,0.78125,12,100,500,2000,36,NA,NA,NA,NA,NA,NA
"AR1_logistic_lm",0,0.1,0.78125,12,100,1000,2000,36,NA,NA,NA,NA,NA,NA
"AR1_logistic_lm",0,0.1,0.78125,12,100,500,2000,108,NA,NA,NA,NA,NA,NA
"AR1_logistic_lm",0,0.1,0.78125,12,100,1000,2000,108,NA,NA,NA,NA,NA,NA
"AR1_logistic_lm",0,0.1,0.78125,12,100,500,4000,36,NA,NA,NA,NA,NA,NA
"AR1_logistic_lm",0,0.1,0.78125,12,100,1000,4000,36,NA,NA,NA,NA,NA,NA
"AR1_logistic_lm",0,0.1,0.78125,12,100,500,4000,108,NA,NA,NA,NA,NA,NA
"AR1_logistic_lm",0,0.1,0.78125,12,100,1000,4000,108,NA,NA,NA,NA,NA,NA
"AR1_logistic_lm",0,0.0025,1.5625,12,100,500,2000,36,NA,NA,NA,NA,NA,NA
"AR1_logistic_lm",0,0.0025,1.5625,12,100,1000,2000,36,NA,NA,NA,NA,NA,NA
"AR1_logistic_lm",0,0.0025,1.5625,12,100,500,2000,108,NA,NA,NA,NA,NA,NA
"AR1_logistic_lm",0,0.0025,1.5625,12,100,1000,2000,108,NA,NA,NA,NA,NA,NA
"AR1_logistic_lm",0,0.0025,1.5625,12,100,500,4000,36,NA,NA,NA,NA,NA,NA
"AR1_logistic_lm",0,0.0025,1.5625,12,100,1000,4000,36,NA,NA,NA,NA,NA,NA
"AR1_logistic_lm",0,0.0025,1.5625,12,100,500,4000,108,NA,NA,NA,NA,NA,NA
"AR1_logistic_lm",0,0.0025,1.5625,12,100,1000,4000,108,NA,NA,NA,NA,NA,NA
"AR1_logistic_lm",0,0.005,1.5625,12,100,500,2000,36,0.742134894121045,0.754766154190765,0.971200299908304,0.970660825569199,0.896005917159763,0.220087619665747
"AR1_logistic_lm",0,0.005,1.5625,12,100,1000,2000,36,0.741678292400836,0.754465389785605,0.969395950033662,0.968857275398175,0.896005917159763,0.220087619665747
"AR1_logistic_lm",0,0.005,1.5625,12,100,500,2000,108,NA,NA,NA,NA,NA,NA
"AR1_logistic_lm",0,0.005,1.5625,12,100,1000,2000,108,NA,NA,NA,NA,NA,NA
"AR1_logistic_lm",0,0.005,1.5625,12,100,500,3000,36,0.740791003076498,0.752631129867778,0.973175708425646,0.972530727084259,0.91009092643225,0.212925681575628
"AR1_logistic_lm",0,0.005,1.5625,12,100,1000,3000,36,0.740840167865871,0.752760806358486,0.971485065525798,0.970834879406308,0.91009092643225,0.212925681575628
"AR1_logistic_lm",0,0.005,1.5625,12,100,500,4000,36,0.738072326891496,0.749999302375922,0.974483130612538,0.974031365313653,0.932719429235109,0.21286568611605
"AR1_logistic_lm",0,0.005,1.5625,12,100,1000,4000,36,0.739550547076189,0.751331081102636,0.974117443615603,0.973655019412091,0.932719429235109,0.21286568611605
"AR1_logistic_lm",0,0.005,1.5625,12,100,500,4000,108,NA,NA,NA,NA,NA,NA
"AR1_logistic_lm",0,0.005,1.5625,12,100,1000,4000,108,NA,NA,NA,NA,NA,NA
"AR1_logistic_lm",0,0.01,1.5625,12,100,500,2000,36,0.745607747348528,0.758068887022032,0.967477568018798,0.967981580966999,0.859751267427123,0.271350416648033
"AR1_logistic_lm",0,0.01,1.5625,12,100,1000,2000,36,0.745199131862404,0.757799268225562,0.965875631432633,0.966344674829262,0.859751267427123,0.271350416648033
"AR1_logistic_lm",0,0.01,1.5625,12,100,500,2000,108,NA,NA,NA,NA,NA,NA
"AR1_logistic_lm",0,0.01,1.5625,12,100,1000,2000,108,NA,NA,NA,NA,NA,NA
"AR1_logistic_lm",0,0.01,1.5625,12,100,500,3000,36,0.744605324891461,0.756226188021424,0.96946413029901,0.970211035961119,0.874607996863975,0.273547561839899
"AR1_logistic_lm",0,0.01,1.5625,12,100,1000,3000,36,0.744221152047841,0.755827706053689,0.968016363472472,0.96856254165741,0.874607996863975,0.273547561839899
"AR1_logistic_lm",0,0.01,1.5625,12,100,500,4000,36,0.742470779987566,0.754249550204012,0.973490913366219,0.972777521879318,0.896317890867609,0.275171014371483
"AR1_logistic_lm",0,0.01,1.5625,12,100,1000,4000,36,0.74331533624122,0.754980367452365,0.9731247951288,0.972394054103961,0.896317890867609,0.275171014371483
"AR1_logistic_lm",0,0.01,1.5625,12,100,500,4000,108,NA,NA,NA,NA,NA,NA
"AR1_logistic_lm",0,0.01,1.5625,12,100,1000,4000,108,NA,NA,NA,NA,NA,NA
"AR1_logistic_lm",0,0.1,1.5625,12,100,500,2000,36,0.758485705487203,0.770467781134746,0.95024963229713,0.949126849381518,0.778907067702308,0.610214369367076
"AR1_logistic_lm",0,0.1,1.5625,12,100,1000,2000,36,0.757125063920345,0.769203952080043,0.948912063745964,0.947841398992046,0.778907067702308,0.610214369367076
"AR1_logistic_lm",0,0.1,1.5625,12,100,500,2000,108,NA,NA,NA,NA,NA,NA
"AR1_logistic_lm",0,0.1,1.5625,12,100,1000,2000,108,NA,NA,NA,NA,NA,NA
"AR1_logistic_lm",0,0.1,1.5625,12,100,500,3000,36,0.759528574864661,0.770547932520379,0.953294107079533,0.952092972421582,0.772459038011407,0.596790490341753
"AR1_logistic_lm",0,0.1,1.5625,12,100,1000,3000,36,0.75780097952619,0.768912954258818,0.951670902876228,0.949979933598453,0.772459038011407,0.596790490341753
"AR1_logistic_lm",0,0.1,1.5625,12,100,500,4000,36,0.758820181794207,0.769999837359052,0.957055514288551,0.955406507749479,0.766295060623322,0.591112743297833
"AR1_logistic_lm",0,0.1,1.5625,12,100,1000,4000,36,0.758428177018602,0.76952432061973,0.956187523482571,0.954500045409136,0.766295060623322,0.591112743297833
"AR1_logistic_lm",0,0.1,1.5625,12,100,500,4000,108,NA,NA,NA,NA,NA,NA
"AR1_logistic_lm",0,0.1,1.5625,12,100,1000,4000,108,NA,NA,NA,NA,NA,NA
"AR1_logistic_lm",0,0.0025,3.125,12,100,500,2000,36,NA,NA,NA,NA,NA,NA
"AR1_logistic_lm",0,0.0025,3.125,12,100,1000,2000,36,NA,NA,NA,NA,NA,NA
"AR1_logistic_lm",0,0.0025,3.125,12,100,500,2000,108,NA,NA,NA,NA,NA,NA
"AR1_logistic_lm",0,0.0025,3.125,12,100,1000,2000,108,NA,NA,NA,NA,NA,NA
"AR1_logistic_lm",0,0.0025,3.125,12,100,500,4000,36,NA,NA,NA,NA,NA,NA
"AR1_logistic_lm",0,0.0025,3.125,12,100,1000,4000,36,NA,NA,NA,NA,NA,NA
"AR1_logistic_lm",0,0.0025,3.125,12,100,500,4000,108,NA,NA,NA,NA,NA,NA
"AR1_logistic_lm",0,0.0025,3.125,12,100,1000,4000,108,NA,NA,NA,NA,NA,NA
"AR1_logistic_lm",0,0.005,3.125,12,100,500,2000,36,0.741488658740355,0.754599371117805,0.974274635754547,0.973616333633736,0.865804404269641,0.256614242074244
"AR1_logistic_lm",0,0.005,3.125,12,100,1000,2000,36,0.741140450642082,0.754160981284275,0.97216057753922,0.971782733275196,0.865804404269641,0.256614242074244
"AR1_logistic_lm",0,0.005,3.125,12,100,500,2000,108,NA,NA,NA,NA,NA,NA
"AR1_logistic_lm",0,0.005,3.125,12,100,1000,2000,108,NA,NA,NA,NA,NA,NA
"AR1_logistic_lm",0,0.005,3.125,12,100,500,3000,36,0.740127306933536,0.752509134687488,0.976680088201979,0.975902264066353,0.877580027190706,0.249543238109066
"AR1_logistic_lm",0,0.005,3.125,12,100,1000,3000,36,0.740648159452018,0.752767021423236,0.975253736552062,0.974691126918757,0.877580027190706,0.249543238109066
"AR1_logistic_lm",0,0.005,3.125,12,100,500,4000,36,0.73666873342968,0.749035553439418,0.97737528620553,0.97678745871517,0.905720081135903,0.249259509076513
"AR1_logistic_lm",0,0.005,3.125,12,100,1000,4000,36,0.738594190898344,0.750631236113977,0.97700329593753,0.976644445480397,0.905720081135903,0.249259509076513
"AR1_logistic_lm",0,0.005,3.125,12,100,500,4000,108,NA,NA,NA,NA,NA,NA
"AR1_logistic_lm",0,0.005,3.125,12,100,1000,4000,108,NA,NA,NA,NA,NA,NA
"AR1_logistic_lm",0,0.01,3.125,12,100,500,2000,36,0.745045301737042,0.758017578620689,0.970285526845306,0.971094330279772,0.811519514967791,0.307540184081008
"AR1_logistic_lm",0,0.01,3.125,12,100,1000,2000,36,0.74482430869158,0.75781088310943,0.969274146105444,0.970019222422025,0.811519514967791,0.307540184081008
"AR1_logistic_lm",0,0.01,3.125,12,100,500,2000,108,NA,NA,NA,NA,NA,NA
"AR1_logistic_lm",0,0.01,3.125,12,100,1000,2000,108,NA,NA,NA,NA,NA,NA
"AR1_logistic_lm",0,0.01,3.125,12,100,500,3000,36,0.744289965024466,0.756385690289639,0.973099731561775,0.9740884348669,0.823620133663598,0.311337825495028
"AR1_logistic_lm",0,0.01,3.125,12,100,1000,3000,36,0.744089126173691,0.756083699168731,0.972336227382941,0.972987110031758,0.823620133663598,0.311337825495028
"AR1_logistic_lm",0,0.01,3.125,12,100,500,4000,36,0.741293305374245,0.753352165856204,0.976023447905119,0.975407930826089,0.858430410790926,0.315375630918116
"AR1_logistic_lm",0,0.01,3.125,12,100,1000,4000,36,0.74262922002279,0.754530710785141,0.975694999318328,0.975310942376671,0.858430410790926,0.315375630918116
"AR1_logistic_lm",0,0.01,3.125,12,100,500,4000,108,NA,NA,NA,NA,NA,NA
"AR1_logistic_lm",0,0.01,3.125,12,100,1000,4000,108,NA,NA,NA,NA,NA,NA
"AR1_logistic_lm",0,0.1,3.125,12,100,500,2000,36,0.759690613855097,0.772115241360438,0.957265238430734,0.955870210098168,0.714798275728556,0.633878398217992
"AR1_logistic_lm",0,0.1,3.125,12,100,1000,2000,36,0.758883630643957,0.771285879951106,0.956153412700581,0.954776484996938,0.714798275728556,0.633878398217992
"AR1_logistic_lm",0,0.1,3.125,12,100,500,2000,108,NA,NA,NA,NA,NA,NA
"AR1_logistic_lm",0,0.1,3.125,12,100,1000,2000,108,NA,NA,NA,NA,NA,NA
"AR1_logistic_lm",0,0.1,3.125,12,100,500,3000,36,0.760966446886908,0.772475711707356,0.960800384129724,0.959386945016172,0.705258302583026,0.619895845662209
"AR1_logistic_lm",0,0.1,3.125,12,100,1000,3000,36,0.759468743213258,0.770905780302675,0.957883973614598,0.956797171374903,0.705258302583026,0.619895845662209
"AR1_logistic_lm",0,0.1,3.125,12,100,500,4000,36,0.759728893408283,0.771544974772371,0.963052598009137,0.961142857142857,0.701309079838648,0.610088716181538
"AR1_logistic_lm",0,0.1,3.125,12,100,1000,4000,36,0.76004673326974,0.771508582814719,0.96246481135728,0.960863388478988,0.701309079838648,0.610088716181538
"AR1_logistic_lm",0,0.1,3.125,12,100,500,4000,108,NA,NA,NA,NA,NA,NA
"AR1_logistic_lm",0,0.1,3.125,12,100,1000,4000,108,NA,NA,NA,NA,NA,NA
"AR1_logistic_lm",0,0.0025,0,36,100,500,2000,36,NA,NA,NA,NA,NA,NA
"AR1_logistic_lm",0,0.0025,0,36,100,1000,2000,36,NA,NA,NA,NA,NA,NA
"AR1_logistic_lm",0,0.0025,0,36,100,500,2000,108,NA,NA,NA,NA,NA,NA
"AR1_logistic_lm",0,0.0025,0,36,100,1000,2000,108,NA,NA,NA,NA,NA,NA
"AR1_logistic_lm",0,0.0025,0,36,100,500,4000,36,NA,NA,NA,NA,NA,NA
"AR1_logistic_lm",0,0.0025,0,36,100,1000,4000,36,NA,NA,NA,NA,NA,NA
"AR1_logistic_lm",0,0.0025,0,36,100,500,4000,108,NA,NA,NA,NA,NA,NA
"AR1_logistic_lm",0,0.0025,0,36,100,1000,4000,108,NA,NA,NA,NA,NA,NA
"AR1_logistic_lm",0,0.005,0,36,100,500,2000,36,NA,NA,NA,NA,NA,NA
"AR1_logistic_lm",0,0.005,0,36,100,1000,2000,36,NA,NA,NA,NA,NA,NA
"AR1_logistic_lm",0,0.005,0,36,100,500,2000,108,0.696756308198917,0.708267825312081,0.920376772556578,0.912832929782082,0.723145071982281,0.233377607625596
"AR1_logistic_lm",0,0.005,0,36,100,1000,2000,108,0.689997609504356,0.702514686170911,0.918694775538808,0.90864777035566,0.723145071982281,0.233377607625596
"AR1_logistic_lm",0,0.005,0,36,100,500,3000,108,0.697130129984669,0.708379529440029,0.919017193944834,0.911899925157703,0.787698412698413,0.22207019224191
"AR1_logistic_lm",0,0.005,0,36,100,1000,3000,108,0.695404869951973,0.706800826425776,0.913628314221507,0.903249866808737,0.787698412698413,0.22207019224191
"AR1_logistic_lm",0,0.005,0,36,100,500,4000,36,NA,NA,NA,NA,NA,NA
"AR1_logistic_lm",0,0.005,0,36,100,1000,4000,36,NA,NA,NA,NA,NA,NA
"AR1_logistic_lm",0,0.005,0,36,100,500,4000,108,0.697819913643302,0.708467302030407,0.922702784296705,0.91390027774104,0.878286683630195,0.212259382285585
"AR1_logistic_lm",0,0.005,0,36,100,1000,4000,108,0.699716338744719,0.71045226735671,0.91427642284893,0.90566534914361,0.878286683630195,0.212259382285585
"AR1_logistic_lm",0,0.01,0,36,100,500,2000,36,NA,NA,NA,NA,NA,NA
"AR1_logistic_lm",0,0.01,0,36,100,1000,2000,36,NA,NA,NA,NA,NA,NA
"AR1_logistic_lm",0,0.01,0,36,100,500,2000,108,0.700635790667955,0.711860504626747,0.915073331408342,0.90643952907599,0.721812253303587,0.242071292837953
"AR1_logistic_lm",0,0.01,0,36,100,1000,2000,108,0.693552543775579,0.705822986846013,0.913972879932203,0.903782229808643,0.721812253303587,0.242071292837953
"AR1_logistic_lm",0,0.01,0,36,100,500,3000,108,0.700419051327168,0.711311733725872,0.913421775189093,0.905827207840631,0.758661887694146,0.233689008979202
"AR1_logistic_lm",0,0.01,0,36,100,1000,3000,108,0.698568047096769,0.709866515597866,0.907061102582221,0.896723571201357,0.758661887694146,0.233689008979202
"AR1_logistic_lm",0,0.01,0,36,100,500,4000,36,NA,NA,NA,NA,NA,NA
"AR1_logistic_lm",0,0.01,0,36,100,1000,4000,36,NA,NA,NA,NA,NA,NA
"AR1_logistic_lm",0,0.01,0,36,100,500,4000,108,0.702014945154471,0.712383823479513,0.917328904089517,0.908156542363948,0.838614831754329,0.231154057017544
"AR1_logistic_lm",0,0.01,0,36,100,1000,4000,108,0.703125687090855,0.713579305763288,0.907993471578167,0.899081364829396,0.838614831754329,0.231154057017544
"AR1_logistic_lm",0,0.1,0,36,100,500,2000,36,NA,NA,NA,NA,NA,NA
"AR1_logistic_lm",0,0.1,0,36,100,1000,2000,36,NA,NA,NA,NA,NA,NA
"AR1_logistic_lm",0,0.1,0,36,100,500,2000,108,0.708264357646998,0.719010879244163,0.870752918351079,0.859492684616051,0.558361724189009,0.421653679321331
"AR1_logistic_lm",0,0.1,0,36,100,1000,2000,108,0.701719040586687,0.712908171934521,0.867641067443903,0.855490826884619,0.558361724189009,0.421653679321331
"AR1_logistic_lm",0,0.1,0,36,100,500,3000,108,0.710088904081563,0.720367746918722,0.873045694443133,0.862432767894084,0.567318860001787,0.417956944250709
"AR1_logistic_lm",0,0.1,0,36,100,1000,3000,108,0.706401035667311,0.716655108016777,0.865110649700661,0.852400041114195,0.567318860001787,0.417956944250709
"AR1_logistic_lm",0,0.1,0,36,100,500,4000,36,NA,NA,NA,NA,NA,NA
"AR1_logistic_lm",0,0.1,0,36,100,1000,4000,36,NA,NA,NA,NA,NA,NA
"AR1_logistic_lm",0,0.1,0,36,100,500,4000,108,0.713119072559609,0.723167935515165,0.874404112522504,0.861532576820094,0.563880988842704,0.435598091795312
"AR1_logistic_lm",0,0.1,0,36,100,1000,4000,108,0.709833785565212,0.719661477235604,0.860925961203731,0.846950372521783,0.563880988842704,0.435598091795312
"AR1_logistic_lm",0,0.0025,0.78125,36,100,500,2000,36,NA,NA,NA,NA,NA,NA
"AR1_logistic_lm",0,0.0025,0.78125,36,100,1000,2000,36,NA,NA,NA,NA,NA,NA
"AR1_logistic_lm",0,0.0025,0.78125,36,100,500,2000,108,NA,NA,NA,NA,NA,NA
"AR1_logistic_lm",0,0.0025,0.78125,36,100,1000,2000,108,NA,NA,NA,NA,NA,NA
"AR1_logistic_lm",0,0.0025,0.78125,36,100,500,4000,36,NA,NA,NA,NA,NA,NA
"AR1_logistic_lm",0,0.0025,0.78125,36,100,1000,4000,36,NA,NA,NA,NA,NA,NA
"AR1_logistic_lm",0,0.0025,0.78125,36,100,500,4000,108,NA,NA,NA,NA,NA,NA
"AR1_logistic_lm",0,0.0025,0.78125,36,100,1000,4000,108,NA,NA,NA,NA,NA,NA
"AR1_logistic_lm",0,0.005,0.78125,36,100,500,2000,36,NA,NA,NA,NA,NA,NA
"AR1_logistic_lm",0,0.005,0.78125,36,100,1000,2000,36,NA,NA,NA,NA,NA,NA
"AR1_logistic_lm",0,0.005,0.78125,36,100,500,2000,108,NA,NA,NA,NA,NA,NA
"AR1_logistic_lm",0,0.005,0.78125,36,100,1000,2000,108,NA,NA,NA,NA,NA,NA
"AR1_logistic_lm",0,0.005,0.78125,36,100,500,4000,36,NA,NA,NA,NA,NA,NA
"AR1_logistic_lm",0,0.005,0.78125,36,100,1000,4000,36,NA,NA,NA,NA,NA,NA
"AR1_logistic_lm",0,0.005,0.78125,36,100,500,4000,108,NA,NA,NA,NA,NA,NA
"AR1_logistic_lm",0,0.005,0.78125,36,100,1000,4000,108,NA,NA,NA,NA,NA,NA
"AR1_logistic_lm",0,0.01,0.78125,36,100,500,2000,36,NA,NA,NA,NA,NA,NA
"AR1_logistic_lm",0,0.01,0.78125,36,100,1000,2000,36,NA,NA,NA,NA,NA,NA
"AR1_logistic_lm",0,0.01,0.78125,36,100,500,2000,108,NA,NA,NA,NA,NA,NA
"AR1_logistic_lm",0,0.01,0.78125,36,100,1000,2000,108,NA,NA,NA,NA,NA,NA
"AR1_logistic_lm",0,0.01,0.78125,36,100,500,4000,36,NA,NA,NA,NA,NA,NA
"AR1_logistic_lm",0,0.01,0.78125,36,100,1000,4000,36,NA,NA,NA,NA,NA,NA
"AR1_logistic_lm",0,0.01,0.78125,36,100,500,4000,108,NA,NA,NA,NA,NA,NA
"AR1_logistic_lm",0,0.01,0.78125,36,100,1000,4000,108,NA,NA,NA,NA,NA,NA
"AR1_logistic_lm",0,0.1,0.78125,36,100,500,2000,36,NA,NA,NA,NA,NA,NA
"AR1_logistic_lm",0,0.1,0.78125,36,100,1000,2000,36,NA,NA,NA,NA,NA,NA
"AR1_logistic_lm",0,0.1,0.78125,36,100,500,2000,108,NA,NA,NA,NA,NA,NA
"AR1_logistic_lm",0,0.1,0.78125,36,100,1000,2000,108,NA,NA,NA,NA,NA,NA
"AR1_logistic_lm",0,0.1,0.78125,36,100,500,4000,36,NA,NA,NA,NA,NA,NA
"AR1_logistic_lm",0,0.1,0.78125,36,100,1000,4000,36,NA,NA,NA,NA,NA,NA
"AR1_logistic_lm",0,0.1,0.78125,36,100,500,4000,108,NA,NA,NA,NA,NA,NA
"AR1_logistic_lm",0,0.1,0.78125,36,100,1000,4000,108,NA,NA,NA,NA,NA,NA
"AR1_logistic_lm",0,0.0025,1.5625,36,100,500,2000,36,NA,NA,NA,NA,NA,NA
"AR1_logistic_lm",0,0.0025,1.5625,36,100,1000,2000,36,NA,NA,NA,NA,NA,NA
"AR1_logistic_lm",0,0.0025,1.5625,36,100,500,2000,108,NA,NA,NA,NA,NA,NA
"AR1_logistic_lm",0,0.0025,1.5625,36,100,1000,2000,108,NA,NA,NA,NA,NA,NA
"AR1_logistic_lm",0,0.0025,1.5625,36,100,500,4000,36,NA,NA,NA,NA,NA,NA
"AR1_logistic_lm",0,0.0025,1.5625,36,100,1000,4000,36,NA,NA,NA,NA,NA,NA
"AR1_logistic_lm",0,0.0025,1.5625,36,100,500,4000,108,NA,NA,NA,NA,NA,NA
"AR1_logistic_lm",0,0.0025,1.5625,36,100,1000,4000,108,NA,NA,NA,NA,NA,NA
"AR1_logistic_lm",0,0.005,1.5625,36,100,500,2000,36,NA,NA,NA,NA,NA,NA
"AR1_logistic_lm",0,0.005,1.5625,36,100,1000,2000,36,NA,NA,NA,NA,NA,NA
"AR1_logistic_lm",0,0.005,1.5625,36,100,500,2000,108,0.699977288715827,0.712381299469966,0.930753904331207,0.923597767407814,0.645462114904246,0.291645181955968
"AR1_logistic_lm",0,0.005,1.5625,36,100,1000,2000,108,0.693255504298747,0.706450412245307,0.929657430688408,0.919243828576673,0.645462114904246,0.291645181955968
"AR1_logistic_lm",0,0.005,1.5625,36,100,500,3000,108,0.70078258707515,0.712714130211989,0.930222762685469,0.921771298008922,0.752717391304348,0.275392311968187
"AR1_logistic_lm",0,0.005,1.5625,36,100,1000,3000,108,0.700239111184192,0.712583579815869,0.915424838477366,0.91441538794035,0.752717391304348,0.275392311968187
"AR1_logistic_lm",0,0.005,1.5625,36,100,500,4000,36,NA,NA,NA,NA,NA,NA
"AR1_logistic_lm",0,0.005,1.5625,36,100,1000,4000,36,NA,NA,NA,NA,NA,NA
"AR1_logistic_lm",0,0.005,1.5625,36,100,500,4000,108,0.699750762975804,0.71106899285392,0.933126545677437,0.926405175899717,0.864796986186689,0.263549897872867
"AR1_logistic_lm",0,0.005,1.5625,36,100,1000,4000,108,0.702444931245627,0.713937384649263,0.925501301436745,0.917067950775816,0.864796986186689,0.263549897872867
"AR1_logistic_lm",0,0.01,1.5625,36,100,500,2000,36,NA,NA,NA,NA,NA,NA
"AR1_logistic_lm",0,0.01,1.5625,36,100,1000,2000,36,NA,NA,NA,NA,NA,NA
"AR1_logistic_lm",0,0.01,1.5625,36,100,500,2000,108,0.704324290410593,0.716490127112538,0.926408730490138,0.918176026212797,0.634974014062978,0.30163786749652
"AR1_logistic_lm",0,0.01,1.5625,36,100,1000,2000,108,0.697318624413369,0.710137352160314,0.925204548174682,0.914594001463058,0.634974014062978,0.30163786749652
"AR1_logistic_lm",0,0.01,1.5625,36,100,500,3000,108,0.705277769111611,0.717192283506275,0.92432517965031,0.918241042345277,0.721524766035152,0.290222095619653
"AR1_logistic_lm",0,0.01,1.5625,36,100,1000,3000,108,0.704555714886039,0.716825116323397,0.912211429333693,0.911041621738193,0.721524766035152,0.290222095619653
"AR1_logistic_lm",0,0.01,1.5625,36,100,500,4000,36,NA,NA,NA,NA,NA,NA
"AR1_logistic_lm",0,0.01,1.5625,36,100,1000,4000,36,NA,NA,NA,NA,NA,NA
"AR1_logistic_lm",0,0.01,1.5625,36,100,500,4000,108,0.704285414484145,0.715480360030251,0.927895788282336,0.920628525382756,0.81940441882805,0.287311985027275
"AR1_logistic_lm",0,0.01,1.5625,36,100,1000,4000,108,0.707055647674004,0.718194403642479,0.92150338409795,0.912788371782904,0.81940441882805,0.287311985027275
"AR1_logistic_lm",0,0.1,1.5625,36,100,500,2000,36,NA,NA,NA,NA,NA,NA
"AR1_logistic_lm",0,0.1,1.5625,36,100,1000,2000,36,NA,NA,NA,NA,NA,NA
"AR1_logistic_lm",0,0.1,1.5625,36,100,500,2000,108,0.718184141006625,0.729963009972703,0.892773980584513,0.881855052019044,0.405746674897581,0.466408589027251
"AR1_logistic_lm",0,0.1,1.5625,36,100,1000,2000,108,0.711445329139894,0.723729091230726,0.889786892824439,0.877431906614786,0.405746674897581,0.466408589027251
"AR1_logistic_lm",0,0.1,1.5625,36,100,500,3000,108,0.718032453347511,0.729498958683703,0.893708473143027,0.883421330517423,0.412731700717088,0.459056499261448
"AR1_logistic_lm",0,0.1,1.5625,36,100,1000,3000,108,0.715652786677272,0.727137719474891,0.889206244855143,0.877161723089823,0.412731700717088,0.459056499261448
"AR1_logistic_lm",0,0.1,1.5625,36,100,500,4000,36,NA,NA,NA,NA,NA,NA
"AR1_logistic_lm",0,0.1,1.5625,36,100,1000,4000,36,NA,NA,NA,NA,NA,NA
"AR1_logistic_lm",0,0.1,1.5625,36,100,500,4000,108,0.720262728805877,0.731436792059729,0.895206767049279,0.883972853040981,0.427943836678439,0.471854207148325
"AR1_logistic_lm",0,0.1,1.5625,36,100,1000,4000,108,0.719529624934598,0.730599627844614,0.885976503626458,0.873583934088568,0.427943836678439,0.471854207148325
"AR1_logistic_lm",0,0.0025,3.125,36,100,500,2000,36,NA,NA,NA,NA,NA,NA
"AR1_logistic_lm",0,0.0025,3.125,36,100,1000,2000,36,NA,NA,NA,NA,NA,NA
"AR1_logistic_lm",0,0.0025,3.125,36,100,500,2000,108,NA,NA,NA,NA,NA,NA
"AR1_logistic_lm",0,0.0025,3.125,36,100,1000,2000,108,NA,NA,NA,NA,NA,NA
"AR1_logistic_lm",0,0.0025,3.125,36,100,500,4000,36,NA,NA,NA,NA,NA,NA
"AR1_logistic_lm",0,0.0025,3.125,36,100,1000,4000,36,NA,NA,NA,NA,NA,NA
"AR1_logistic_lm",0,0.0025,3.125,36,100,500,4000,108,NA,NA,NA,NA,NA,NA
"AR1_logistic_lm",0,0.0025,3.125,36,100,1000,4000,108,NA,NA,NA,NA,NA,NA
"AR1_logistic_lm",0,0.005,3.125,36,100,500,2000,36,NA,NA,NA,NA,NA,NA
"AR1_logistic_lm",0,0.005,3.125,36,100,1000,2000,36,NA,NA,NA,NA,NA,NA
"AR1_logistic_lm",0,0.005,3.125,36,100,500,2000,108,0.701626082163989,0.714382389822116,0.9362300598556,0.928974382687506,0.593199381761978,0.338363600859207
"AR1_logistic_lm",0,0.005,3.125,36,100,1000,2000,108,0.693548453968028,0.707118032450688,0.933365118226238,0.923227065712427,0.593199381761978,0.338363600859207
"AR1_logistic_lm",0,0.005,3.125,36,100,500,3000,108,0.700837130235922,0.713283121216725,0.933855834143361,0.925921861281826,0.707894060169709,0.323473070278961
"AR1_logistic_lm",0,0.005,3.125,36,100,1000,3000,108,0.700327377127269,0.713279069313502,0.928235560328908,0.918673380035026,0.707894060169709,0.323473070278961
"AR1_logistic_lm",0,0.005,3.125,36,100,500,4000,36,NA,NA,NA,NA,NA,NA
"AR1_logistic_lm",0,0.005,3.125,36,100,1000,4000,36,NA,NA,NA,NA,NA,NA
"AR1_logistic_lm",0,0.005,3.125,36,100,500,4000,108,0.699800030064316,0.71169811452746,0.939320170094766,0.933069252834312,0.848085631947303,0.310641853555881
"AR1_logistic_lm",0,0.005,3.125,36,100,1000,4000,108,0.702637785761422,0.715014569311759,0.931867131744303,0.924205378973105,0.848085631947303,0.310641853555881
"AR1_logistic_lm",0,0.01,3.125,36,100,500,2000,36,NA,NA,NA,NA,NA,NA
"AR1_logistic_lm",0,0.01,3.125,36,100,1000,2000,36,NA,NA,NA,NA,NA,NA
"AR1_logistic_lm",0,0.01,3.125,36,100,500,2000,108,0.706098309718363,0.71857780113784,0.932818869264443,0.924947048531172,0.581576340738644,0.34930654484125
"AR1_logistic_lm",0,0.01,3.125,36,100,1000,2000,108,0.698420494076059,0.712002445134564,0.930331007307156,0.92,0.581576340738644,0.34930654484125
"AR1_logistic_lm",0,0.01,3.125,36,100,500,3000,108,0.705757893232729,0.718021277695613,0.931088339440876,0.923026387824373,0.670945656824989,0.340779917178562
"AR1_logistic_lm",0,0.01,3.125,36,100,1000,3000,108,0.705112665482571,0.717764421614339,0.92527756683012,0.915248691099476,0.670945656824989,0.340779917178562
"AR1_logistic_lm",0,0.01,3.125,36,100,500,4000,36,NA,NA,NA,NA,NA,NA
"AR1_logistic_lm",0,0.01,3.125,36,100,1000,4000,36,NA,NA,NA,NA,NA,NA
"AR1_logistic_lm",0,0.01,3.125,36,100,500,4000,108,0.704884751623549,0.716615715125287,0.936173834026132,0.929817388934315,0.794576059850374,0.338361650900875
"AR1_logistic_lm",0,0.01,3.125,36,100,1000,4000,108,0.707342470490559,0.719473921157684,0.928784459671663,0.921024112706584,0.794576059850374,0.338361650900875
"AR1_logistic_lm",0,0.1,3.125,36,100,500,2000,36,NA,NA,NA,NA,NA,NA
"AR1_logistic_lm",0,0.1,3.125,36,100,1000,2000,36,NA,NA,NA,NA,NA,NA
"AR1_logistic_lm",0,0.1,3.125,36,100,500,2000,108,0.723412042182733,0.735902809668021,0.905972511651368,0.896452626852268,0.34656932866374,0.519263966612919
"AR1_logistic_lm",0,0.1,3.125,36,100,1000,2000,108,0.716935064862888,0.730043312679644,0.903654936085792,0.892375472037403,0.34656932866374,0.519263966612919
"AR1_logistic_lm",0,0.1,3.125,36,100,500,3000,108,0.724755712011649,0.736620767054822,0.907884722959344,0.899656946826758,0.350865788073991,0.519445850784738
"AR1_logistic_lm",0,0.1,3.125,36,100,1000,3000,108,0.722361473709175,0.734631189357199,0.902051801451616,0.891730605285592,0.350865788073991,0.519445850784738
"AR1_logistic_lm",0,0.1,3.125,36,100,500,4000,36,NA,NA,NA,NA,NA,NA
"AR1_logistic_lm",0,0.1,3.125,36,100,1000,4000,36,NA,NA,NA,NA,NA,NA
"AR1_logistic_lm",0,0.1,3.125,36,100,500,4000,108,0.724331860814068,0.736250691769983,0.908862571010924,0.900053233963269,0.361886933732684,0.531786991965281
"AR1_logistic_lm",0,0.1,3.125,36,100,1000,4000,108,0.72345386106438,0.735319293762687,0.899376178201273,0.888786643880636,0.361886933732684,0.531786991965281
"AR1_logistic_lm",0,0.0025,0,12,3000,500,2000,36,NA,NA,NA,NA,NA,NA
"AR1_logistic_lm",0,0.0025,0,12,3000,1000,2000,36,NA,NA,NA,NA,NA,NA
"AR1_logistic_lm",0,0.0025,0,12,3000,500,2000,108,NA,NA,NA,NA,NA,NA
"AR1_logistic_lm",0,0.0025,0,12,3000,1000,2000,108,NA,NA,NA,NA,NA,NA
"AR1_logistic_lm",0,0.0025,0,12,3000,500,4000,36,NA,NA,NA,NA,NA,NA
"AR1_logistic_lm",0,0.0025,0,12,3000,1000,4000,36,NA,NA,NA,NA,NA,NA
"AR1_logistic_lm",0,0.0025,0,12,3000,500,4000,108,NA,NA,NA,NA,NA,NA
"AR1_logistic_lm",0,0.0025,0,12,3000,1000,4000,108,NA,NA,NA,NA,NA,NA
"AR1_logistic_lm",0,0.005,0,12,3000,500,2000,36,NA,NA,NA,NA,NA,NA
"AR1_logistic_lm",0,0.005,0,12,3000,1000,2000,36,NA,NA,NA,NA,NA,NA
"AR1_logistic_lm",0,0.005,0,12,3000,500,2000,108,NA,NA,NA,NA,NA,NA
"AR1_logistic_lm",0,0.005,0,12,3000,1000,2000,108,NA,NA,NA,NA,NA,NA
"AR1_logistic_lm",0,0.005,0,12,3000,500,4000,36,NA,NA,NA,NA,NA,NA
"AR1_logistic_lm",0,0.005,0,12,3000,1000,4000,36,NA,NA,NA,NA,NA,NA
"AR1_logistic_lm",0,0.005,0,12,3000,500,4000,108,NA,NA,NA,NA,NA,NA
"AR1_logistic_lm",0,0.005,0,12,3000,1000,4000,108,NA,NA,NA,NA,NA,NA
"AR1_logistic_lm",0,0.01,0,12,3000,500,2000,36,NA,NA,NA,NA,NA,NA
"AR1_logistic_lm",0,0.01,0,12,3000,1000,2000,36,NA,NA,NA,NA,NA,NA
"AR1_logistic_lm",0,0.01,0,12,3000,500,2000,108,NA,NA,NA,NA,NA,NA
"AR1_logistic_lm",0,0.01,0,12,3000,1000,2000,108,NA,NA,NA,NA,NA,NA
"AR1_logistic_lm",0,0.01,0,12,3000,500,4000,36,NA,NA,NA,NA,NA,NA
"AR1_logistic_lm",0,0.01,0,12,3000,1000,4000,36,NA,NA,NA,NA,NA,NA
"AR1_logistic_lm",0,0.01,0,12,3000,500,4000,108,NA,NA,NA,NA,NA,NA
"AR1_logistic_lm",0,0.01,0,12,3000,1000,4000,108,NA,NA,NA,NA,NA,NA
"AR1_logistic_lm",0,0.1,0,12,3000,500,2000,36,NA,NA,NA,NA,NA,NA
"AR1_logistic_lm",0,0.1,0,12,3000,1000,2000,36,NA,NA,NA,NA,NA,NA
"AR1_logistic_lm",0,0.1,0,12,3000,500,2000,108,NA,NA,NA,NA,NA,NA
"AR1_logistic_lm",0,0.1,0,12,3000,1000,2000,108,NA,NA,NA,NA,NA,NA
"AR1_logistic_lm",0,0.1,0,12,3000,500,4000,36,NA,NA,NA,NA,NA,NA
"AR1_logistic_lm",0,0.1,0,12,3000,1000,4000,36,NA,NA,NA,NA,NA,NA
"AR1_logistic_lm",0,0.1,0,12,3000,500,4000,108,NA,NA,NA,NA,NA,NA
"AR1_logistic_lm",0,0.1,0,12,3000,1000,4000,108,NA,NA,NA,NA,NA,NA
"AR1_logistic_lm",0,0.0025,0.78125,12,3000,500,2000,36,NA,NA,NA,NA,NA,NA
"AR1_logistic_lm",0,0.0025,0.78125,12,3000,1000,2000,36,NA,NA,NA,NA,NA,NA
"AR1_logistic_lm",0,0.0025,0.78125,12,3000,500,2000,108,NA,NA,NA,NA,NA,NA
"AR1_logistic_lm",0,0.0025,0.78125,12,3000,1000,2000,108,NA,NA,NA,NA,NA,NA
"AR1_logistic_lm",0,0.0025,0.78125,12,3000,500,4000,36,NA,NA,NA,NA,NA,NA
"AR1_logistic_lm",0,0.0025,0.78125,12,3000,1000,4000,36,NA,NA,NA,NA,NA,NA
"AR1_logistic_lm",0,0.0025,0.78125,12,3000,500,4000,108,NA,NA,NA,NA,NA,NA
"AR1_logistic_lm",0,0.0025,0.78125,12,3000,1000,4000,108,NA,NA,NA,NA,NA,NA
"AR1_logistic_lm",0,0.005,0.78125,12,3000,500,2000,36,NA,NA,NA,NA,NA,NA
"AR1_logistic_lm",0,0.005,0.78125,12,3000,1000,2000,36,NA,NA,NA,NA,NA,NA
"AR1_logistic_lm",0,0.005,0.78125,12,3000,500,2000,108,NA,NA,NA,NA,NA,NA
"AR1_logistic_lm",0,0.005,0.78125,12,3000,1000,2000,108,NA,NA,NA,NA,NA,NA
"AR1_logistic_lm",0,0.005,0.78125,12,3000,500,4000,36,NA,NA,NA,NA,NA,NA
"AR1_logistic_lm",0,0.005,0.78125,12,3000,1000,4000,36,NA,NA,NA,NA,NA,NA
"AR1_logistic_lm",0,0.005,0.78125,12,3000,500,4000,108,NA,NA,NA,NA,NA,NA
"AR1_logistic_lm",0,0.005,0.78125,12,3000,1000,4000,108,NA,NA,NA,NA,NA,NA
"AR1_logistic_lm",0,0.01,0.78125,12,3000,500,2000,36,NA,NA,NA,NA,NA,NA
"AR1_logistic_lm",0,0.01,0.78125,12,3000,1000,2000,36,NA,NA,NA,NA,NA,NA
"AR1_logistic_lm",0,0.01,0.78125,12,3000,500,2000,108,NA,NA,NA,NA,NA,NA
"AR1_logistic_lm",0,0.01,0.78125,12,3000,1000,2000,108,NA,NA,NA,NA,NA,NA
"AR1_logistic_lm",0,0.01,0.78125,12,3000,500,4000,36,NA,NA,NA,NA,NA,NA
"AR1_logistic_lm",0,0.01,0.78125,12,3000,1000,4000,36,NA,NA,NA,NA,NA,NA
"AR1_logistic_lm",0,0.01,0.78125,12,3000,500,4000,108,NA,NA,NA,NA,NA,NA
"AR1_logistic_lm",0,0.01,0.78125,12,3000,1000,4000,108,NA,NA,NA,NA,NA,NA
"AR1_logistic_lm",0,0.1,0.78125,12,3000,500,2000,36,NA,NA,NA,NA,NA,NA
"AR1_logistic_lm",0,0.1,0.78125,12,3000,1000,2000,36,NA,NA,NA,NA,NA,NA
"AR1_logistic_lm",0,0.1,0.78125,12,3000,500,2000,108,NA,NA,NA,NA,NA,NA
"AR1_logistic_lm",0,0.1,0.78125,12,3000,1000,2000,108,NA,NA,NA,NA,NA,NA
"AR1_logistic_lm",0,0.1,0.78125,12,3000,500,4000,36,NA,NA,NA,NA,NA,NA
"AR1_logistic_lm",0,0.1,0.78125,12,3000,1000,4000,36,NA,NA,NA,NA,NA,NA
"AR1_logistic_lm",0,0.1,0.78125,12,3000,500,4000,108,NA,NA,NA,NA,NA,NA
"AR1_logistic_lm",0,0.1,0.78125,12,3000,1000,4000,108,NA,NA,NA,NA,NA,NA
"AR1_logistic_lm",0,0.0025,1.5625,12,3000,500,2000,36,NA,NA,NA,NA,NA,NA
"AR1_logistic_lm",0,0.0025,1.5625,12,3000,1000,2000,36,NA,NA,NA,NA,NA,NA
"AR1_logistic_lm",0,0.0025,1.5625,12,3000,500,2000,108,NA,NA,NA,NA,NA,NA
"AR1_logistic_lm",0,0.0025,1.5625,12,3000,1000,2000,108,NA,NA,NA,NA,NA,NA
"AR1_logistic_lm",0,0.0025,1.5625,12,3000,500,4000,36,NA,NA,NA,NA,NA,NA
"AR1_logistic_lm",0,0.0025,1.5625,12,3000,1000,4000,36,NA,NA,NA,NA,NA,NA
"AR1_logistic_lm",0,0.0025,1.5625,12,3000,500,4000,108,NA,NA,NA,NA,NA,NA
"AR1_logistic_lm",0,0.0025,1.5625,12,3000,1000,4000,108,NA,NA,NA,NA,NA,NA
"AR1_logistic_lm",0,0.005,1.5625,12,3000,500,2000,36,NA,NA,NA,NA,NA,NA
"AR1_logistic_lm",0,0.005,1.5625,12,3000,1000,2000,36,NA,NA,NA,NA,NA,NA
"AR1_logistic_lm",0,0.005,1.5625,12,3000,500,2000,108,NA,NA,NA,NA,NA,NA
"AR1_logistic_lm",0,0.005,1.5625,12,3000,1000,2000,108,NA,NA,NA,NA,NA,NA
"AR1_logistic_lm",0,0.005,1.5625,12,3000,500,4000,36,NA,NA,NA,NA,NA,NA
"AR1_logistic_lm",0,0.005,1.5625,12,3000,1000,4000,36,NA,NA,NA,NA,NA,NA
"AR1_logistic_lm",0,0.005,1.5625,12,3000,500,4000,108,NA,NA,NA,NA,NA,NA
"AR1_logistic_lm",0,0.005,1.5625,12,3000,1000,4000,108,NA,NA,NA,NA,NA,NA
"AR1_logistic_lm",0,0.01,1.5625,12,3000,500,2000,36,NA,NA,NA,NA,NA,NA
"AR1_logistic_lm",0,0.01,1.5625,12,3000,1000,2000,36,NA,NA,NA,NA,NA,NA
"AR1_logistic_lm",0,0.01,1.5625,12,3000,500,2000,108,NA,NA,NA,NA,NA,NA
"AR1_logistic_lm",0,0.01,1.5625,12,3000,1000,2000,108,NA,NA,NA,NA,NA,NA
"AR1_logistic_lm",0,0.01,1.5625,12,3000,500,4000,36,NA,NA,NA,NA,NA,NA
"AR1_logistic_lm",0,0.01,1.5625,12,3000,1000,4000,36,NA,NA,NA,NA,NA,NA
"AR1_logistic_lm",0,0.01,1.5625,12,3000,500,4000,108,NA,NA,NA,NA,NA,NA
"AR1_logistic_lm",0,0.01,1.5625,12,3000,1000,4000,108,NA,NA,NA,NA,NA,NA
"AR1_logistic_lm",0,0.1,1.5625,12,3000,500,2000,36,NA,NA,NA,NA,NA,NA
"AR1_logistic_lm",0,0.1,1.5625,12,3000,1000,2000,36,NA,NA,NA,NA,NA,NA
"AR1_logistic_lm",0,0.1,1.5625,12,3000,500,2000,108,NA,NA,NA,NA,NA,NA
"AR1_logistic_lm",0,0.1,1.5625,12,3000,1000,2000,108,NA,NA,NA,NA,NA,NA
"AR1_logistic_lm",0,0.1,1.5625,12,3000,500,4000,36,NA,NA,NA,NA,NA,NA
"AR1_logistic_lm",0,0.1,1.5625,12,3000,1000,4000,36,NA,NA,NA,NA,NA,NA
"AR1_logistic_lm",0,0.1,1.5625,12,3000,500,4000,108,NA,NA,NA,NA,NA,NA
"AR1_logistic_lm",0,0.1,1.5625,12,3000,1000,4000,108,NA,NA,NA,NA,NA,NA
"AR1_logistic_lm",0,0.0025,3.125,12,3000,500,2000,36,NA,NA,NA,NA,NA,NA
"AR1_logistic_lm",0,0.0025,3.125,12,3000,1000,2000,36,NA,NA,NA,NA,NA,NA
"AR1_logistic_lm",0,0.0025,3.125,12,3000,500,2000,108,NA,NA,NA,NA,NA,NA
"AR1_logistic_lm",0,0.0025,3.125,12,3000,1000,2000,108,NA,NA,NA,NA,NA,NA
"AR1_logistic_lm",0,0.0025,3.125,12,3000,500,4000,36,NA,NA,NA,NA,NA,NA
"AR1_logistic_lm",0,0.0025,3.125,12,3000,1000,4000,36,NA,NA,NA,NA,NA,NA
"AR1_logistic_lm",0,0.0025,3.125,12,3000,500,4000,108,NA,NA,NA,NA,NA,NA
"AR1_logistic_lm",0,0.0025,3.125,12,3000,1000,4000,108,NA,NA,NA,NA,NA,NA
"AR1_logistic_lm",0,0.005,3.125,12,3000,500,2000,36,NA,NA,NA,NA,NA,NA
"AR1_logistic_lm",0,0.005,3.125,12,3000,1000,2000,36,NA,NA,NA,NA,NA,NA
"AR1_logistic_lm",0,0.005,3.125,12,3000,500,2000,108,NA,NA,NA,NA,NA,NA
"AR1_logistic_lm",0,0.005,3.125,12,3000,1000,2000,108,NA,NA,NA,NA,NA,NA
"AR1_logistic_lm",0,0.005,3.125,12,3000,500,4000,36,NA,NA,NA,NA,NA,NA
"AR1_logistic_lm",0,0.005,3.125,12,3000,1000,4000,36,NA,NA,NA,NA,NA,NA
"AR1_logistic_lm",0,0.005,3.125,12,3000,500,4000,108,NA,NA,NA,NA,NA,NA
"AR1_logistic_lm",0,0.005,3.125,12,3000,1000,4000,108,NA,NA,NA,NA,NA,NA
"AR1_logistic_lm",0,0.01,3.125,12,3000,500,2000,36,NA,NA,NA,NA,NA,NA
"AR1_logistic_lm",0,0.01,3.125,12,3000,1000,2000,36,NA,NA,NA,NA,NA,NA
"AR1_logistic_lm",0,0.01,3.125,12,3000,500,2000,108,NA,NA,NA,NA,NA,NA
