"Model","StateNum","Probability.Cut.Off","Granularity","Window.Size","Sample.Size","BinNum","Avg.Cycle.Usage","Agg.Cycle.Usage","Avg.Survival.Rate","Agg.Survival.Rate","Correctly.Scheduled","Correctly.Unscheduled"
"AR1",0,0.0025,0,12,100,0,NA,NA,NA,NA,NA,NA
"AR1",0,0.005,0,12,100,0,0.29050628688171,0.309150501404733,0.927933850649775,0.938922416927216,0.2,0.668073520778932
"AR1",0,0.01,0,12,100,0,0.324450137768077,0.344959666993513,0.915553322302723,0.925952245594088,0.333333333333333,0.668317032177065
"AR1",0,0.1,0,12,100,0,0.466411970856045,0.491494590235336,0.836932818275747,0.801604099365044,0.595289079229122,0.678253436120853
"AR1",0,0.0025,0.78125,12,100,0,NA,NA,NA,NA,NA,NA
"AR1",0,0.005,0.78125,12,100,0,0.288542899529438,0.307153407828534,0.92881531142319,0.940033598714484,0.166666666666667,0.70242643524024
"AR1",0,0.01,0.78125,12,100,0,0.322570298170229,0.343057818770653,0.916767234598035,0.927568261210523,0.263157894736842,0.702635255527658
"AR1",0,0.1,0.78125,12,100,0,0.465619007091204,0.490869451822437,0.82963657617349,0.804678162882022,0.587053571428571,0.712715766727549
"AR1",0,0.0025,1.5625,12,100,0,NA,NA,NA,NA,NA,NA
"AR1",0,0.005,1.5625,12,100,0,0.286314354421232,0.304901479652835,0.929559243928625,0.940895741556535,0.142857142857143,0.726931406480863
"AR1",0,0.01,1.5625,12,100,0,0.320528673953615,0.341041205711973,0.917791380942837,0.928627619251949,0.257142857142857,0.727149408298999
"AR1",0,0.1,1.5625,12,100,0,0.4646906004773,0.4901660178346,0.832974625366472,0.809605883028841,0.578828828828829,0.73742381772829
"AR1",0,0.0025,3.125,12,100,0,NA,NA,NA,NA,NA,NA
"AR1",0,0.005,3.125,12,100,0,0.282411190493527,0.301032753372508,0.939904086405439,0.943392037886636,0.666666666666667,0.772758315416719
"AR1",0,0.01,3.125,12,100,0,0.316583595823742,0.33709041565723,0.929594800068753,0.932265743345596,0.285714285714286,0.772806387306342
"AR1",0,0.1,3.125,12,100,0,0.462701026886936,0.488502576414445,0.848684359950752,0.819821930646673,0.550161812297735,0.780055951351987
"AR1",0,0.0025,0,36,100,0,NA,NA,NA,NA,NA,NA
"AR1",0,0.005,0,36,100,0,0.128997948093735,0.138222615249198,0.937578416472483,0.912260313771063,NA,0.861119751166407
"AR1",0,0.01,0,36,100,0,0.15810471071293,0.169233187943239,0.92642909049172,0.896425966447848,NA,0.861119751166407
"AR1",0,0.1,0,36,100,0,0.312660730047349,0.332262632988784,0.790564032662731,0.713095047283218,0.375,0.864752390674806
"AR1",0,0.0025,0.78125,36,100,0,NA,NA,NA,NA,NA,NA
"AR1",0,0.005,0.78125,36,100,0,0.127430932506814,0.136603604344227,0.937676794201343,0.912886752778612,NA,0.873359253499222
"AR1",0,0.01,0.78125,36,100,0,0.156031218626414,0.167132854420952,0.92657631438895,0.897687280040221,NA,0.873359253499222
"AR1",0,0.1,0.78125,36,100,0,0.310809906875333,0.330479278546408,0.783974623876006,0.712609486035366,0.2875,0.876910658021509
"AR1",0,0.0025,1.5625,36,100,0,NA,NA,NA,NA,NA,NA
"AR1",0,0.005,1.5625,36,100,0,0.125649408503327,0.134778168473017,0.937181704118058,0.911953531030266,NA,0.878144116122343
"AR1",0,0.01,1.5625,36,100,0,0.154126145517696,0.16513114408104,0.925018501261418,0.9,NA,0.878144116122343
"AR1",0,0.1,1.5625,36,100,0,0.30865551495936,0.328290569933019,0.792728310733109,0.713855925121177,0.2875,0.881717574147853
"AR1",0,0.0025,3.125,36,100,0,NA,NA,NA,NA,NA,NA
"AR1",0,0.005,3.125,36,100,0,0.121933791161252,0.130944669368507,0.933845030557635,0.91132514114912,NA,0.891228615863142
"AR1",0,0.01,3.125,36,100,0,0.149507577215124,0.160423162321337,0.928860552306379,0.900968188105118,NA,0.891228615863142
"AR1",0,0.1,3.125,36,100,0,0.305182326026213,0.32491902900217,0.79410545338942,0.714162646450724,0.2875,0.894831132984402
"AR1",0,0.0025,0,12,3000,0,NA,NA,NA,NA,NA,NA
"AR1",0,0.005,0,12,3000,0,NA,NA,NA,NA,NA,NA
"AR1",0,0.01,0,12,3000,0,NA,NA,NA,NA,NA,NA
"AR1",0,0.1,0,12,3000,0,NA,NA,NA,NA,NA,NA
"AR1",0,0.0025,0.78125,12,3000,0,NA,NA,NA,NA,NA,NA
"AR1",0,0.005,0.78125,12,3000,0,NA,NA,NA,NA,NA,NA
"AR1",0,0.01,0.78125,12,3000,0,NA,NA,NA,NA,NA,NA
"AR1",0,0.1,0.78125,12,3000,0,NA,NA,NA,NA,NA,NA
"AR1",0,0.0025,1.5625,12,3000,0,NA,NA,NA,NA,NA,NA
"AR1",0,0.005,1.5625,12,3000,0,NA,NA,NA,NA,NA,NA
"AR1",0,0.01,1.5625,12,3000,0,NA,NA,NA,NA,NA,NA
"AR1",0,0.1,1.5625,12,3000,0,NA,NA,NA,NA,NA,NA
"AR1",0,0.0025,3.125,12,3000,0,NA,NA,NA,NA,NA,NA
"AR1",0,0.005,3.125,12,3000,0,NA,NA,NA,NA,NA,NA
"AR1",0,0.01,3.125,12,3000,0,NA,NA,NA,NA,NA,NA
"AR1",0,0.1,3.125,12,3000,0,NA,NA,NA,NA,NA,NA
"AR1",0,0.0025,0,36,3000,0,NA,NA,NA,NA,NA,NA
"AR1",0,0.005,0,36,3000,0,NA,NA,NA,NA,NA,NA
"AR1",0,0.01,0,36,3000,0,NA,NA,NA,NA,NA,NA
"AR1",0,0.1,0,36,3000,0,NA,NA,NA,NA,NA,NA
"AR1",0,0.0025,0.78125,36,3000,0,NA,NA,NA,NA,NA,NA
"AR1",0,0.005,0.78125,36,3000,0,NA,NA,NA,NA,NA,NA
"AR1",0,0.01,0.78125,36,3000,0,NA,NA,NA,NA,NA,NA
"AR1",0,0.1,0.78125,36,3000,0,NA,NA,NA,NA,NA,NA
"AR1",0,0.0025,1.5625,36,3000,0,NA,NA,NA,NA,NA,NA
"AR1",0,0.005,1.5625,36,3000,0,NA,NA,NA,NA,NA,NA
"AR1",0,0.01,1.5625,36,3000,0,NA,NA,NA,NA,NA,NA
"AR1",0,0.1,1.5625,36,3000,0,NA,NA,NA,NA,NA,NA
"AR1",0,0.0025,3.125,36,3000,0,NA,NA,NA,NA,NA,NA
"AR1",0,0.005,3.125,36,3000,0,NA,NA,NA,NA,NA,NA
"AR1",0,0.01,3.125,36,3000,0,NA,NA,NA,NA,NA,NA
"AR1",0,0.1,3.125,36,3000,0,NA,NA,NA,NA,NA,NA
"AR1_logistic_glm",0,0.0025,0,12,100,500,NA,NA,NA,NA,NA,NA
"AR1_logistic_glm",0,0.0025,0,12,100,1000,NA,NA,NA,NA,NA,NA
"AR1_logistic_glm",0,0.005,0,12,100,500,NA,NA,NA,NA,NA,NA
"AR1_logistic_glm",0,0.005,0,12,100,1000,NA,NA,NA,NA,NA,NA
"AR1_logistic_glm",0,0.01,0,12,100,500,NA,NA,NA,NA,NA,NA
"AR1_logistic_glm",0,0.01,0,12,100,1000,NA,NA,NA,NA,NA,NA
"AR1_logistic_glm",0,0.1,0,12,100,500,NA,NA,NA,NA,NA,NA
"AR1_logistic_glm",0,0.1,0,12,100,1000,NA,NA,NA,NA,NA,NA
"AR1_logistic_glm",0,0.0025,0.78125,12,100,500,NA,NA,NA,NA,NA,NA
"AR1_logistic_glm",0,0.0025,0.78125,12,100,1000,NA,NA,NA,NA,NA,NA
"AR1_logistic_glm",0,0.005,0.78125,12,100,500,NA,NA,NA,NA,NA,NA
"AR1_logistic_glm",0,0.005,0.78125,12,100,1000,NA,NA,NA,NA,NA,NA
"AR1_logistic_glm",0,0.01,0.78125,12,100,500,NA,NA,NA,NA,NA,NA
"AR1_logistic_glm",0,0.01,0.78125,12,100,1000,NA,NA,NA,NA,NA,NA
"AR1_logistic_glm",0,0.1,0.78125,12,100,500,NA,NA,NA,NA,NA,NA
"AR1_logistic_glm",0,0.1,0.78125,12,100,1000,NA,NA,NA,NA,NA,NA
"AR1_logistic_glm",0,0.0025,1.5625,12,100,500,NA,NA,NA,NA,NA,NA
"AR1_logistic_glm",0,0.0025,1.5625,12,100,1000,NA,NA,NA,NA,NA,NA
"AR1_logistic_glm",0,0.005,1.5625,12,100,500,NA,NA,NA,NA,NA,NA
"AR1_logistic_glm",0,0.005,1.5625,12,100,1000,NA,NA,NA,NA,NA,NA
"AR1_logistic_glm",0,0.01,1.5625,12,100,500,NA,NA,NA,NA,NA,NA
"AR1_logistic_glm",0,0.01,1.5625,12,100,1000,NA,NA,NA,NA,NA,NA
"AR1_logistic_glm",0,0.1,1.5625,12,100,500,NA,NA,NA,NA,NA,NA
"AR1_logistic_glm",0,0.1,1.5625,12,100,1000,NA,NA,NA,NA,NA,NA
"AR1_logistic_glm",0,0.0025,3.125,12,100,500,NA,NA,NA,NA,NA,NA
"AR1_logistic_glm",0,0.0025,3.125,12,100,1000,NA,NA,NA,NA,NA,NA
"AR1_logistic_glm",0,0.005,3.125,12,100,500,NA,NA,NA,NA,NA,NA
"AR1_logistic_glm",0,0.005,3.125,12,100,1000,NA,NA,NA,NA,NA,NA
"AR1_logistic_glm",0,0.01,3.125,12,100,500,NA,NA,NA,NA,NA,NA
"AR1_logistic_glm",0,0.01,3.125,12,100,1000,NA,NA,NA,NA,NA,NA
"AR1_logistic_glm",0,0.1,3.125,12,100,500,NA,NA,NA,NA,NA,NA
"AR1_logistic_glm",0,0.1,3.125,12,100,1000,NA,NA,NA,NA,NA,NA
"AR1_logistic_glm",0,0.0025,0,36,100,500,NA,NA,NA,NA,NA,NA
"AR1_logistic_glm",0,0.0025,0,36,100,1000,NA,NA,NA,NA,NA,NA
"AR1_logistic_glm",0,0.005,0,36,100,500,NA,NA,NA,NA,NA,NA
"AR1_logistic_glm",0,0.005,0,36,100,1000,NA,NA,NA,NA,NA,NA
"AR1_logistic_glm",0,0.01,0,36,100,500,NA,NA,NA,NA,NA,NA
"AR1_logistic_glm",0,0.01,0,36,100,1000,NA,NA,NA,NA,NA,NA
"AR1_logistic_glm",0,0.1,0,36,100,500,NA,NA,NA,NA,NA,NA
"AR1_logistic_glm",0,0.1,0,36,100,1000,NA,NA,NA,NA,NA,NA
"AR1_logistic_glm",0,0.0025,0.78125,36,100,500,NA,NA,NA,NA,NA,NA
"AR1_logistic_glm",0,0.0025,0.78125,36,100,1000,NA,NA,NA,NA,NA,NA
"AR1_logistic_glm",0,0.005,0.78125,36,100,500,NA,NA,NA,NA,NA,NA
"AR1_logistic_glm",0,0.005,0.78125,36,100,1000,NA,NA,NA,NA,NA,NA
"AR1_logistic_glm",0,0.01,0.78125,36,100,500,NA,NA,NA,NA,NA,NA
"AR1_logistic_glm",0,0.01,0.78125,36,100,1000,NA,NA,NA,NA,NA,NA
"AR1_logistic_glm",0,0.1,0.78125,36,100,500,NA,NA,NA,NA,NA,NA
"AR1_logistic_glm",0,0.1,0.78125,36,100,1000,NA,NA,NA,NA,NA,NA
"AR1_logistic_glm",0,0.0025,1.5625,36,100,500,NA,NA,NA,NA,NA,NA
"AR1_logistic_glm",0,0.0025,1.5625,36,100,1000,NA,NA,NA,NA,NA,NA
"AR1_logistic_glm",0,0.005,1.5625,36,100,500,NA,NA,NA,NA,NA,NA
"AR1_logistic_glm",0,0.005,1.5625,36,100,1000,NA,NA,NA,NA,NA,NA
"AR1_logistic_glm",0,0.01,1.5625,36,100,500,NA,NA,NA,NA,NA,NA
"AR1_logistic_glm",0,0.01,1.5625,36,100,1000,NA,NA,NA,NA,NA,NA
"AR1_logistic_glm",0,0.1,1.5625,36,100,500,NA,NA,NA,NA,NA,NA
"AR1_logistic_glm",0,0.1,1.5625,36,100,1000,NA,NA,NA,NA,NA,NA
"AR1_logistic_glm",0,0.0025,3.125,36,100,500,NA,NA,NA,NA,NA,NA
"AR1_logistic_glm",0,0.0025,3.125,36,100,1000,NA,NA,NA,NA,NA,NA
"AR1_logistic_glm",0,0.005,3.125,36,100,500,NA,NA,NA,NA,NA,NA
"AR1_logistic_glm",0,0.005,3.125,36,100,1000,NA,NA,NA,NA,NA,NA
"AR1_logistic_glm",0,0.01,3.125,36,100,500,NA,NA,NA,NA,NA,NA
"AR1_logistic_glm",0,0.01,3.125,36,100,1000,NA,NA,NA,NA,NA,NA
"AR1_logistic_glm",0,0.1,3.125,36,100,500,NA,NA,NA,NA,NA,NA
"AR1_logistic_glm",0,0.1,3.125,36,100,1000,NA,NA,NA,NA,NA,NA
"AR1_logistic_glm",0,0.0025,0,12,3000,500,NA,NA,NA,NA,NA,NA
"AR1_logistic_glm",0,0.0025,0,12,3000,1000,NA,NA,NA,NA,NA,NA
"AR1_logistic_glm",0,0.005,0,12,3000,500,NA,NA,NA,NA,NA,NA
"AR1_logistic_glm",0,0.005,0,12,3000,1000,NA,NA,NA,NA,NA,NA
"AR1_logistic_glm",0,0.01,0,12,3000,500,NA,NA,NA,NA,NA,NA
"AR1_logistic_glm",0,0.01,0,12,3000,1000,NA,NA,NA,NA,NA,NA
"AR1_logistic_glm",0,0.1,0,12,3000,500,NA,NA,NA,NA,NA,NA
"AR1_logistic_glm",0,0.1,0,12,3000,1000,NA,NA,NA,NA,NA,NA
"AR1_logistic_glm",0,0.0025,0.78125,12,3000,500,NA,NA,NA,NA,NA,NA
"AR1_logistic_glm",0,0.0025,0.78125,12,3000,1000,NA,NA,NA,NA,NA,NA
"AR1_logistic_glm",0,0.005,0.78125,12,3000,500,NA,NA,NA,NA,NA,NA
"AR1_logistic_glm",0,0.005,0.78125,12,3000,1000,NA,NA,NA,NA,NA,NA
"AR1_logistic_glm",0,0.01,0.78125,12,3000,500,NA,NA,NA,NA,NA,NA
"AR1_logistic_glm",0,0.01,0.78125,12,3000,1000,NA,NA,NA,NA,NA,NA
"AR1_logistic_glm",0,0.1,0.78125,12,3000,500,NA,NA,NA,NA,NA,NA
"AR1_logistic_glm",0,0.1,0.78125,12,3000,1000,NA,NA,NA,NA,NA,NA
"AR1_logistic_glm",0,0.0025,1.5625,12,3000,500,NA,NA,NA,NA,NA,NA
"AR1_logistic_glm",0,0.0025,1.5625,12,3000,1000,NA,NA,NA,NA,NA,NA
"AR1_logistic_glm",0,0.005,1.5625,12,3000,500,NA,NA,NA,NA,NA,NA
"AR1_logistic_glm",0,0.005,1.5625,12,3000,1000,NA,NA,NA,NA,NA,NA
"AR1_logistic_glm",0,0.01,1.5625,12,3000,500,NA,NA,NA,NA,NA,NA
"AR1_logistic_glm",0,0.01,1.5625,12,3000,1000,NA,NA,NA,NA,NA,NA
"AR1_logistic_glm",0,0.1,1.5625,12,3000,500,NA,NA,NA,NA,NA,NA
"AR1_logistic_glm",0,0.1,1.5625,12,3000,1000,NA,NA,NA,NA,NA,NA
"AR1_logistic_glm",0,0.0025,3.125,12,3000,500,NA,NA,NA,NA,NA,NA
"AR1_logistic_glm",0,0.0025,3.125,12,3000,1000,NA,NA,NA,NA,NA,NA
"AR1_logistic_glm",0,0.005,3.125,12,3000,500,NA,NA,NA,NA,NA,NA
"AR1_logistic_glm",0,0.005,3.125,12,3000,1000,NA,NA,NA,NA,NA,NA
"AR1_logistic_glm",0,0.01,3.125,12,3000,500,NA,NA,NA,NA,NA,NA
"AR1_logistic_glm",0,0.01,3.125,12,3000,1000,NA,NA,NA,NA,NA,NA
"AR1_logistic_glm",0,0.1,3.125,12,3000,500,NA,NA,NA,NA,NA,NA
"AR1_logistic_glm",0,0.1,3.125,12,3000,1000,NA,NA,NA,NA,NA,NA
"AR1_logistic_glm",0,0.0025,0,36,3000,500,NA,NA,NA,NA,NA,NA
"AR1_logistic_glm",0,0.0025,0,36,3000,1000,NA,NA,NA,NA,NA,NA
"AR1_logistic_glm",0,0.005,0,36,3000,500,NA,NA,NA,NA,NA,NA
"AR1_logistic_glm",0,0.005,0,36,3000,1000,NA,NA,NA,NA,NA,NA
"AR1_logistic_glm",0,0.01,0,36,3000,500,NA,NA,NA,NA,NA,NA
"AR1_logistic_glm",0,0.01,0,36,3000,1000,NA,NA,NA,NA,NA,NA
"AR1_logistic_glm",0,0.1,0,36,3000,500,NA,NA,NA,NA,NA,NA
"AR1_logistic_glm",0,0.1,0,36,3000,1000,NA,NA,NA,NA,NA,NA
"AR1_logistic_glm",0,0.0025,0.78125,36,3000,500,NA,NA,NA,NA,NA,NA
"AR1_logistic_glm",0,0.0025,0.78125,36,3000,1000,NA,NA,NA,NA,NA,NA
"AR1_logistic_glm",0,0.005,0.78125,36,3000,500,NA,NA,NA,NA,NA,NA
"AR1_logistic_glm",0,0.005,0.78125,36,3000,1000,NA,NA,NA,NA,NA,NA
"AR1_logistic_glm",0,0.01,0.78125,36,3000,500,NA,NA,NA,NA,NA,NA
"AR1_logistic_glm",0,0.01,0.78125,36,3000,1000,NA,NA,NA,NA,NA,NA
"AR1_logistic_glm",0,0.1,0.78125,36,3000,500,NA,NA,NA,NA,NA,NA
"AR1_logistic_glm",0,0.1,0.78125,36,3000,1000,NA,NA,NA,NA,NA,NA
"AR1_logistic_glm",0,0.0025,1.5625,36,3000,500,NA,NA,NA,NA,NA,NA
"AR1_logistic_glm",0,0.0025,1.5625,36,3000,1000,NA,NA,NA,NA,NA,NA
"AR1_logistic_glm",0,0.005,1.5625,36,3000,500,NA,NA,NA,NA,NA,NA
"AR1_logistic_glm",0,0.005,1.5625,36,3000,1000,NA,NA,NA,NA,NA,NA
"AR1_logistic_glm",0,0.01,1.5625,36,3000,500,NA,NA,NA,NA,NA,NA
"AR1_logistic_glm",0,0.01,1.5625,36,3000,1000,NA,NA,NA,NA,NA,NA
"AR1_logistic_glm",0,0.1,1.5625,36,3000,500,NA,NA,NA,NA,NA,NA
"AR1_logistic_glm",0,0.1,1.5625,36,3000,1000,NA,NA,NA,NA,NA,NA
"AR1_logistic_glm",0,0.0025,3.125,36,3000,500,NA,NA,NA,NA,NA,NA
"AR1_logistic_glm",0,0.0025,3.125,36,3000,1000,NA,NA,NA,NA,NA,NA
"AR1_logistic_glm",0,0.005,3.125,36,3000,500,NA,NA,NA,NA,NA,NA
"AR1_logistic_glm",0,0.005,3.125,36,3000,1000,NA,NA,NA,NA,NA,NA
"AR1_logistic_glm",0,0.01,3.125,36,3000,500,NA,NA,NA,NA,NA,NA
"AR1_logistic_glm",0,0.01,3.125,36,3000,1000,NA,NA,NA,NA,NA,NA
"AR1_logistic_glm",0,0.1,3.125,36,3000,500,NA,NA,NA,NA,NA,NA
"AR1_logistic_glm",0,0.1,3.125,36,3000,1000,NA,NA,NA,NA,NA,NA
"AR1_logistic_lm",0,0.0025,0,12,100,500,NA,NA,NA,NA,NA,NA
"AR1_logistic_lm",0,0.0025,0,12,100,1000,NA,NA,NA,NA,NA,NA
"AR1_logistic_lm",0,0.005,0,12,100,500,NA,NA,NA,NA,NA,NA
"AR1_logistic_lm",0,0.005,0,12,100,1000,NA,NA,NA,NA,NA,NA
"AR1_logistic_lm",0,0.01,0,12,100,500,NA,NA,NA,NA,NA,NA
"AR1_logistic_lm",0,0.01,0,12,100,1000,NA,NA,NA,NA,NA,NA
"AR1_logistic_lm",0,0.1,0,12,100,500,NA,NA,NA,NA,NA,NA
"AR1_logistic_lm",0,0.1,0,12,100,1000,NA,NA,NA,NA,NA,NA
"AR1_logistic_lm",0,0.0025,0.78125,12,100,500,NA,NA,NA,NA,NA,NA
"AR1_logistic_lm",0,0.0025,0.78125,12,100,1000,NA,NA,NA,NA,NA,NA
"AR1_logistic_lm",0,0.005,0.78125,12,100,500,NA,NA,NA,NA,NA,NA
"AR1_logistic_lm",0,0.005,0.78125,12,100,1000,NA,NA,NA,NA,NA,NA
"AR1_logistic_lm",0,0.01,0.78125,12,100,500,NA,NA,NA,NA,NA,NA
"AR1_logistic_lm",0,0.01,0.78125,12,100,1000,NA,NA,NA,NA,NA,NA
"AR1_logistic_lm",0,0.1,0.78125,12,100,500,NA,NA,NA,NA,NA,NA
"AR1_logistic_lm",0,0.1,0.78125,12,100,1000,NA,NA,NA,NA,NA,NA
"AR1_logistic_lm",0,0.0025,1.5625,12,100,500,NA,NA,NA,NA,NA,NA
"AR1_logistic_lm",0,0.0025,1.5625,12,100,1000,NA,NA,NA,NA,NA,NA
"AR1_logistic_lm",0,0.005,1.5625,12,100,500,NA,NA,NA,NA,NA,NA
"AR1_logistic_lm",0,0.005,1.5625,12,100,1000,NA,NA,NA,NA,NA,NA
"AR1_logistic_lm",0,0.01,1.5625,12,100,500,NA,NA,NA,NA,NA,NA
"AR1_logistic_lm",0,0.01,1.5625,12,100,1000,NA,NA,NA,NA,NA,NA
"AR1_logistic_lm",0,0.1,1.5625,12,100,500,NA,NA,NA,NA,NA,NA
"AR1_logistic_lm",0,0.1,1.5625,12,100,1000,NA,NA,NA,NA,NA,NA
"AR1_logistic_lm",0,0.0025,3.125,12,100,500,NA,NA,NA,NA,NA,NA
"AR1_logistic_lm",0,0.0025,3.125,12,100,1000,NA,NA,NA,NA,NA,NA
"AR1_logistic_lm",0,0.005,3.125,12,100,500,NA,NA,NA,NA,NA,NA
"AR1_logistic_lm",0,0.005,3.125,12,100,1000,NA,NA,NA,NA,NA,NA
"AR1_logistic_lm",0,0.01,3.125,12,100,500,NA,NA,NA,NA,NA,NA
"AR1_logistic_lm",0,0.01,3.125,12,100,1000,NA,NA,NA,NA,NA,NA
"AR1_logistic_lm",0,0.1,3.125,12,100,500,NA,NA,NA,NA,NA,NA
"AR1_logistic_lm",0,0.1,3.125,12,100,1000,NA,NA,NA,NA,NA,NA
"AR1_logistic_lm",0,0.0025,0,36,100,500,NA,NA,NA,NA,NA,NA
"AR1_logistic_lm",0,0.0025,0,36,100,1000,NA,NA,NA,NA,NA,NA
"AR1_logistic_lm",0,0.005,0,36,100,500,NA,NA,NA,NA,NA,NA
"AR1_logistic_lm",0,0.005,0,36,100,1000,NA,NA,NA,NA,NA,NA
"AR1_logistic_lm",0,0.01,0,36,100,500,NA,NA,NA,NA,NA,NA
"AR1_logistic_lm",0,0.01,0,36,100,1000,NA,NA,NA,NA,NA,NA
"AR1_logistic_lm",0,0.1,0,36,100,500,NA,NA,NA,NA,NA,NA
"AR1_logistic_lm",0,0.1,0,36,100,1000,NA,NA,NA,NA,NA,NA
"AR1_logistic_lm",0,0.0025,0.78125,36,100,500,NA,NA,NA,NA,NA,NA
"AR1_logistic_lm",0,0.0025,0.78125,36,100,1000,NA,NA,NA,NA,NA,NA
"AR1_logistic_lm",0,0.005,0.78125,36,100,500,NA,NA,NA,NA,NA,NA
"AR1_logistic_lm",0,0.005,0.78125,36,100,1000,NA,NA,NA,NA,NA,NA
"AR1_logistic_lm",0,0.01,0.78125,36,100,500,NA,NA,NA,NA,NA,NA
"AR1_logistic_lm",0,0.01,0.78125,36,100,1000,NA,NA,NA,NA,NA,NA
"AR1_logistic_lm",0,0.1,0.78125,36,100,500,NA,NA,NA,NA,NA,NA
"AR1_logistic_lm",0,0.1,0.78125,36,100,1000,NA,NA,NA,NA,NA,NA
"AR1_logistic_lm",0,0.0025,1.5625,36,100,500,NA,NA,NA,NA,NA,NA
"AR1_logistic_lm",0,0.0025,1.5625,36,100,1000,NA,NA,NA,NA,NA,NA
"AR1_logistic_lm",0,0.005,1.5625,36,100,500,NA,NA,NA,NA,NA,NA
"AR1_logistic_lm",0,0.005,1.5625,36,100,1000,NA,NA,NA,NA,NA,NA
"AR1_logistic_lm",0,0.01,1.5625,36,100,500,NA,NA,NA,NA,NA,NA
"AR1_logistic_lm",0,0.01,1.5625,36,100,1000,NA,NA,NA,NA,NA,NA
"AR1_logistic_lm",0,0.1,1.5625,36,100,500,NA,NA,NA,NA,NA,NA
"AR1_logistic_lm",0,0.1,1.5625,36,100,1000,NA,NA,NA,NA,NA,NA
"AR1_logistic_lm",0,0.0025,3.125,36,100,500,NA,NA,NA,NA,NA,NA
"AR1_logistic_lm",0,0.0025,3.125,36,100,1000,NA,NA,NA,NA,NA,NA
"AR1_logistic_lm",0,0.005,3.125,36,100,500,NA,NA,NA,NA,NA,NA
"AR1_logistic_lm",0,0.005,3.125,36,100,1000,NA,NA,NA,NA,NA,NA
"AR1_logistic_lm",0,0.01,3.125,36,100,500,NA,NA,NA,NA,NA,NA
"AR1_logistic_lm",0,0.01,3.125,36,100,1000,NA,NA,NA,NA,NA,NA
"AR1_logistic_lm",0,0.1,3.125,36,100,500,NA,NA,NA,NA,NA,NA
"AR1_logistic_lm",0,0.1,3.125,36,100,1000,NA,NA,NA,NA,NA,NA
"AR1_logistic_lm",0,0.0025,0,12,3000,500,NA,NA,NA,NA,NA,NA
"AR1_logistic_lm",0,0.0025,0,12,3000,1000,NA,NA,NA,NA,NA,NA
"AR1_logistic_lm",0,0.005,0,12,3000,500,NA,NA,NA,NA,NA,NA
"AR1_logistic_lm",0,0.005,0,12,3000,1000,NA,NA,NA,NA,NA,NA
"AR1_logistic_lm",0,0.01,0,12,3000,500,NA,NA,NA,NA,NA,NA
"AR1_logistic_lm",0,0.01,0,12,3000,1000,NA,NA,NA,NA,NA,NA
"AR1_logistic_lm",0,0.1,0,12,3000,500,NA,NA,NA,NA,NA,NA
"AR1_logistic_lm",0,0.1,0,12,3000,1000,NA,NA,NA,NA,NA,NA
"AR1_logistic_lm",0,0.0025,0.78125,12,3000,500,NA,NA,NA,NA,NA,NA
"AR1_logistic_lm",0,0.0025,0.78125,12,3000,1000,NA,NA,NA,NA,NA,NA
"AR1_logistic_lm",0,0.005,0.78125,12,3000,500,NA,NA,NA,NA,NA,NA
"AR1_logistic_lm",0,0.005,0.78125,12,3000,1000,NA,NA,NA,NA,NA,NA
"AR1_logistic_lm",0,0.01,0.78125,12,3000,500,NA,NA,NA,NA,NA,NA
"AR1_logistic_lm",0,0.01,0.78125,12,3000,1000,NA,NA,NA,NA,NA,NA
"AR1_logistic_lm",0,0.1,0.78125,12,3000,500,NA,NA,NA,NA,NA,NA
"AR1_logistic_lm",0,0.1,0.78125,12,3000,1000,NA,NA,NA,NA,NA,NA
"AR1_logistic_lm",0,0.0025,1.5625,12,3000,500,NA,NA,NA,NA,NA,NA
"AR1_logistic_lm",0,0.0025,1.5625,12,3000,1000,NA,NA,NA,NA,NA,NA
"AR1_logistic_lm",0,0.005,1.5625,12,3000,500,NA,NA,NA,NA,NA,NA
"AR1_logistic_lm",0,0.005,1.5625,12,3000,1000,NA,NA,NA,NA,NA,NA
"AR1_logistic_lm",0,0.01,1.5625,12,3000,500,NA,NA,NA,NA,NA,NA
"AR1_logistic_lm",0,0.01,1.5625,12,3000,1000,NA,NA,NA,NA,NA,NA
"AR1_logistic_lm",0,0.1,1.5625,12,3000,500,NA,NA,NA,NA,NA,NA
"AR1_logistic_lm",0,0.1,1.5625,12,3000,1000,NA,NA,NA,NA,NA,NA
"AR1_logistic_lm",0,0.0025,3.125,12,3000,500,NA,NA,NA,NA,NA,NA
"AR1_logistic_lm",0,0.0025,3.125,12,3000,1000,NA,NA,NA,NA,NA,NA
"AR1_logistic_lm",0,0.005,3.125,12,3000,500,NA,NA,NA,NA,NA,NA
"AR1_logistic_lm",0,0.005,3.125,12,3000,1000,NA,NA,NA,NA,NA,NA
"AR1_logistic_lm",0,0.01,3.125,12,3000,500,NA,NA,NA,NA,NA,NA
"AR1_logistic_lm",0,0.01,3.125,12,3000,1000,NA,NA,NA,NA,NA,NA
"AR1_logistic_lm",0,0.1,3.125,12,3000,500,NA,NA,NA,NA,NA,NA
"AR1_logistic_lm",0,0.1,3.125,12,3000,1000,NA,NA,NA,NA,NA,NA
"AR1_logistic_lm",0,0.0025,0,36,3000,500,NA,NA,NA,NA,NA,NA
"AR1_logistic_lm",0,0.0025,0,36,3000,1000,NA,NA,NA,NA,NA,NA
"AR1_logistic_lm",0,0.005,0,36,3000,500,NA,NA,NA,NA,NA,NA
"AR1_logistic_lm",0,0.005,0,36,3000,1000,NA,NA,NA,NA,NA,NA
"AR1_logistic_lm",0,0.01,0,36,3000,500,NA,NA,NA,NA,NA,NA
"AR1_logistic_lm",0,0.01,0,36,3000,1000,NA,NA,NA,NA,NA,NA
"AR1_logistic_lm",0,0.1,0,36,3000,500,NA,NA,NA,NA,NA,NA
"AR1_logistic_lm",0,0.1,0,36,3000,1000,NA,NA,NA,NA,NA,NA
"AR1_logistic_lm",0,0.0025,0.78125,36,3000,500,NA,NA,NA,NA,NA,NA
"AR1_logistic_lm",0,0.0025,0.78125,36,3000,1000,NA,NA,NA,NA,NA,NA
"AR1_logistic_lm",0,0.005,0.78125,36,3000,500,NA,NA,NA,NA,NA,NA
"AR1_logistic_lm",0,0.005,0.78125,36,3000,1000,NA,NA,NA,NA,NA,NA
"AR1_logistic_lm",0,0.01,0.78125,36,3000,500,NA,NA,NA,NA,NA,NA
"AR1_logistic_lm",0,0.01,0.78125,36,3000,1000,NA,NA,NA,NA,NA,NA
"AR1_logistic_lm",0,0.1,0.78125,36,3000,500,NA,NA,NA,NA,NA,NA
"AR1_logistic_lm",0,0.1,0.78125,36,3000,1000,NA,NA,NA,NA,NA,NA
"AR1_logistic_lm",0,0.0025,1.5625,36,3000,500,NA,NA,NA,NA,NA,NA
"AR1_logistic_lm",0,0.0025,1.5625,36,3000,1000,NA,NA,NA,NA,NA,NA
"AR1_logistic_lm",0,0.005,1.5625,36,3000,500,NA,NA,NA,NA,NA,NA
"AR1_logistic_lm",0,0.005,1.5625,36,3000,1000,NA,NA,NA,NA,NA,NA
"AR1_logistic_lm",0,0.01,1.5625,36,3000,500,NA,NA,NA,NA,NA,NA
"AR1_logistic_lm",0,0.01,1.5625,36,3000,1000,NA,NA,NA,NA,NA,NA
"AR1_logistic_lm",0,0.1,1.5625,36,3000,500,NA,NA,NA,NA,NA,NA
"AR1_logistic_lm",0,0.1,1.5625,36,3000,1000,NA,NA,NA,NA,NA,NA
"AR1_logistic_lm",0,0.0025,3.125,36,3000,500,NA,NA,NA,NA,NA,NA
"AR1_logistic_lm",0,0.0025,3.125,36,3000,1000,NA,NA,NA,NA,NA,NA
"AR1_logistic_lm",0,0.005,3.125,36,3000,500,NA,NA,NA,NA,NA,NA
"AR1_logistic_lm",0,0.005,3.125,36,3000,1000,NA,NA,NA,NA,NA,NA
"AR1_logistic_lm",0,0.01,3.125,36,3000,500,NA,NA,NA,NA,NA,NA
"AR1_logistic_lm",0,0.01,3.125,36,3000,1000,NA,NA,NA,NA,NA,NA
"AR1_logistic_lm",0,0.1,3.125,36,3000,500,NA,NA,NA,NA,NA,NA
"AR1_logistic_lm",0,0.1,3.125,36,3000,1000,NA,NA,NA,NA,NA,NA
"AR1_Markov",8,0.0025,0,12,100,0,NA,NA,NA,NA,NA,NA
"AR1_Markov",16,0.0025,0,12,100,0,NA,NA,NA,NA,NA,NA
"AR1_Markov",32,0.0025,0,12,100,0,NA,NA,NA,NA,NA,NA
"AR1_Markov",64,0.0025,0,12,100,0,NA,NA,NA,NA,NA,NA
"AR1_Markov",8,0.005,0,12,100,0,NA,NA,NA,NA,NA,NA
"AR1_Markov",16,0.005,0,12,100,0,NA,NA,NA,NA,NA,NA
"AR1_Markov",32,0.005,0,12,100,0,NA,NA,NA,NA,NA,NA
"AR1_Markov",64,0.005,0,12,100,0,NA,NA,NA,NA,NA,NA
"AR1_Markov",8,0.01,0,12,100,0,NA,NA,NA,NA,NA,NA
"AR1_Markov",16,0.01,0,12,100,0,NA,NA,NA,NA,NA,NA
"AR1_Markov",32,0.01,0,12,100,0,NA,NA,NA,NA,NA,NA
"AR1_Markov",64,0.01,0,12,100,0,NA,NA,NA,NA,NA,NA
"AR1_Markov",8,0.1,0,12,100,0,NA,NA,NA,NA,NA,NA
"AR1_Markov",16,0.1,0,12,100,0,NA,NA,NA,NA,NA,NA
"AR1_Markov",32,0.1,0,12,100,0,NA,NA,NA,NA,NA,NA
"AR1_Markov",64,0.1,0,12,100,0,NA,NA,NA,NA,NA,NA
"AR1_Markov",8,0.0025,0.78125,12,100,0,NA,NA,NA,NA,NA,NA
"AR1_Markov",16,0.0025,0.78125,12,100,0,NA,NA,NA,NA,NA,NA
"AR1_Markov",32,0.0025,0.78125,12,100,0,NA,NA,NA,NA,NA,NA
"AR1_Markov",64,0.0025,0.78125,12,100,0,NA,NA,NA,NA,NA,NA
"AR1_Markov",8,0.005,0.78125,12,100,0,NA,NA,NA,NA,NA,NA
"AR1_Markov",16,0.005,0.78125,12,100,0,NA,NA,NA,NA,NA,NA
"AR1_Markov",32,0.005,0.78125,12,100,0,NA,NA,NA,NA,NA,NA
"AR1_Markov",64,0.005,0.78125,12,100,0,NA,NA,NA,NA,NA,NA
"AR1_Markov",8,0.01,0.78125,12,100,0,NA,NA,NA,NA,NA,NA
"AR1_Markov",16,0.01,0.78125,12,100,0,NA,NA,NA,NA,NA,NA
"AR1_Markov",32,0.01,0.78125,12,100,0,NA,NA,NA,NA,NA,NA
"AR1_Markov",64,0.01,0.78125,12,100,0,NA,NA,NA,NA,NA,NA
"AR1_Markov",8,0.1,0.78125,12,100,0,NA,NA,NA,NA,NA,NA
"AR1_Markov",16,0.1,0.78125,12,100,0,NA,NA,NA,NA,NA,NA
"AR1_Markov",32,0.1,0.78125,12,100,0,NA,NA,NA,NA,NA,NA
"AR1_Markov",64,0.1,0.78125,12,100,0,NA,NA,NA,NA,NA,NA
"AR1_Markov",8,0.0025,1.5625,12,100,0,NA,NA,NA,NA,NA,NA
"AR1_Markov",16,0.0025,1.5625,12,100,0,NA,NA,NA,NA,NA,NA
"AR1_Markov",32,0.0025,1.5625,12,100,0,NA,NA,NA,NA,NA,NA
"AR1_Markov",64,0.0025,1.5625,12,100,0,NA,NA,NA,NA,NA,NA
"AR1_Markov",8,0.005,1.5625,12,100,0,NA,NA,NA,NA,NA,NA
"AR1_Markov",16,0.005,1.5625,12,100,0,NA,NA,NA,NA,NA,NA
"AR1_Markov",32,0.005,1.5625,12,100,0,NA,NA,NA,NA,NA,NA
"AR1_Markov",64,0.005,1.5625,12,100,0,NA,NA,NA,NA,NA,NA
"AR1_Markov",8,0.01,1.5625,12,100,0,NA,NA,NA,NA,NA,NA
"AR1_Markov",16,0.01,1.5625,12,100,0,NA,NA,NA,NA,NA,NA
"AR1_Markov",32,0.01,1.5625,12,100,0,NA,NA,NA,NA,NA,NA
"AR1_Markov",64,0.01,1.5625,12,100,0,NA,NA,NA,NA,NA,NA
"AR1_Markov",8,0.1,1.5625,12,100,0,NA,NA,NA,NA,NA,NA
"AR1_Markov",16,0.1,1.5625,12,100,0,NA,NA,NA,NA,NA,NA
"AR1_Markov",32,0.1,1.5625,12,100,0,NA,NA,NA,NA,NA,NA
"AR1_Markov",64,0.1,1.5625,12,100,0,NA,NA,NA,NA,NA,NA
"AR1_Markov",8,0.0025,3.125,12,100,0,NA,NA,NA,NA,NA,NA
"AR1_Markov",16,0.0025,3.125,12,100,0,NA,NA,NA,NA,NA,NA
"AR1_Markov",32,0.0025,3.125,12,100,0,NA,NA,NA,NA,NA,NA
"AR1_Markov",64,0.0025,3.125,12,100,0,NA,NA,NA,NA,NA,NA
"AR1_Markov",8,0.005,3.125,12,100,0,NA,NA,NA,NA,NA,NA
"AR1_Markov",16,0.005,3.125,12,100,0,NA,NA,NA,NA,NA,NA
"AR1_Markov",32,0.005,3.125,12,100,0,NA,NA,NA,NA,NA,NA
"AR1_Markov",64,0.005,3.125,12,100,0,NA,NA,NA,NA,NA,NA
"AR1_Markov",8,0.01,3.125,12,100,0,NA,NA,NA,NA,NA,NA
"AR1_Markov",16,0.01,3.125,12,100,0,NA,NA,NA,NA,NA,NA
"AR1_Markov",32,0.01,3.125,12,100,0,NA,NA,NA,NA,NA,NA
"AR1_Markov",64,0.01,3.125,12,100,0,NA,NA,NA,NA,NA,NA
"AR1_Markov",8,0.1,3.125,12,100,0,NA,NA,NA,NA,NA,NA
"AR1_Markov",16,0.1,3.125,12,100,0,NA,NA,NA,NA,NA,NA
"AR1_Markov",32,0.1,3.125,12,100,0,NA,NA,NA,NA,NA,NA
"AR1_Markov",64,0.1,3.125,12,100,0,NA,NA,NA,NA,NA,NA
"AR1_Markov",8,0.0025,0,36,100,0,NA,NA,NA,NA,NA,NA
"AR1_Markov",16,0.0025,0,36,100,0,NA,NA,NA,NA,NA,NA
"AR1_Markov",32,0.0025,0,36,100,0,NA,NA,NA,NA,NA,NA
"AR1_Markov",64,0.0025,0,36,100,0,NA,NA,NA,NA,NA,NA
"AR1_Markov",8,0.005,0,36,100,0,NA,NA,NA,NA,NA,NA
"AR1_Markov",16,0.005,0,36,100,0,NA,NA,NA,NA,NA,NA
"AR1_Markov",32,0.005,0,36,100,0,NA,NA,NA,NA,NA,NA
"AR1_Markov",64,0.005,0,36,100,0,NA,NA,NA,NA,NA,NA
"AR1_Markov",8,0.01,0,36,100,0,NA,NA,NA,NA,NA,NA
"AR1_Markov",16,0.01,0,36,100,0,NA,NA,NA,NA,NA,NA
"AR1_Markov",32,0.01,0,36,100,0,NA,NA,NA,NA,NA,NA
"AR1_Markov",64,0.01,0,36,100,0,NA,NA,NA,NA,NA,NA
"AR1_Markov",8,0.1,0,36,100,0,NA,NA,NA,NA,NA,NA
"AR1_Markov",16,0.1,0,36,100,0,NA,NA,NA,NA,NA,NA
"AR1_Markov",32,0.1,0,36,100,0,NA,NA,NA,NA,NA,NA
"AR1_Markov",64,0.1,0,36,100,0,NA,NA,NA,NA,NA,NA
"AR1_Markov",8,0.0025,0.78125,36,100,0,NA,NA,NA,NA,NA,NA
"AR1_Markov",16,0.0025,0.78125,36,100,0,NA,NA,NA,NA,NA,NA
"AR1_Markov",32,0.0025,0.78125,36,100,0,NA,NA,NA,NA,NA,NA
"AR1_Markov",64,0.0025,0.78125,36,100,0,NA,NA,NA,NA,NA,NA
"AR1_Markov",8,0.005,0.78125,36,100,0,NA,NA,NA,NA,NA,NA
"AR1_Markov",16,0.005,0.78125,36,100,0,NA,NA,NA,NA,NA,NA
"AR1_Markov",32,0.005,0.78125,36,100,0,NA,NA,NA,NA,NA,NA
"AR1_Markov",64,0.005,0.78125,36,100,0,NA,NA,NA,NA,NA,NA
"AR1_Markov",8,0.01,0.78125,36,100,0,NA,NA,NA,NA,NA,NA
"AR1_Markov",16,0.01,0.78125,36,100,0,NA,NA,NA,NA,NA,NA
"AR1_Markov",32,0.01,0.78125,36,100,0,NA,NA,NA,NA,NA,NA
"AR1_Markov",64,0.01,0.78125,36,100,0,NA,NA,NA,NA,NA,NA
"AR1_Markov",8,0.1,0.78125,36,100,0,NA,NA,NA,NA,NA,NA
"AR1_Markov",16,0.1,0.78125,36,100,0,NA,NA,NA,NA,NA,NA
"AR1_Markov",32,0.1,0.78125,36,100,0,NA,NA,NA,NA,NA,NA
"AR1_Markov",64,0.1,0.78125,36,100,0,NA,NA,NA,NA,NA,NA
"AR1_Markov",8,0.0025,1.5625,36,100,0,NA,NA,NA,NA,NA,NA
"AR1_Markov",16,0.0025,1.5625,36,100,0,NA,NA,NA,NA,NA,NA
"AR1_Markov",32,0.0025,1.5625,36,100,0,NA,NA,NA,NA,NA,NA
"AR1_Markov",64,0.0025,1.5625,36,100,0,NA,NA,NA,NA,NA,NA
"AR1_Markov",8,0.005,1.5625,36,100,0,NA,NA,NA,NA,NA,NA
"AR1_Markov",16,0.005,1.5625,36,100,0,NA,NA,NA,NA,NA,NA
"AR1_Markov",32,0.005,1.5625,36,100,0,NA,NA,NA,NA,NA,NA
"AR1_Markov",64,0.005,1.5625,36,100,0,NA,NA,NA,NA,NA,NA
"AR1_Markov",8,0.01,1.5625,36,100,0,NA,NA,NA,NA,NA,NA
"AR1_Markov",16,0.01,1.5625,36,100,0,NA,NA,NA,NA,NA,NA
"AR1_Markov",32,0.01,1.5625,36,100,0,NA,NA,NA,NA,NA,NA
"AR1_Markov",64,0.01,1.5625,36,100,0,NA,NA,NA,NA,NA,NA
"AR1_Markov",8,0.1,1.5625,36,100,0,NA,NA,NA,NA,NA,NA
"AR1_Markov",16,0.1,1.5625,36,100,0,NA,NA,NA,NA,NA,NA
"AR1_Markov",32,0.1,1.5625,36,100,0,NA,NA,NA,NA,NA,NA
"AR1_Markov",64,0.1,1.5625,36,100,0,NA,NA,NA,NA,NA,NA
"AR1_Markov",8,0.0025,3.125,36,100,0,NA,NA,NA,NA,NA,NA
"AR1_Markov",16,0.0025,3.125,36,100,0,NA,NA,NA,NA,NA,NA
"AR1_Markov",32,0.0025,3.125,36,100,0,NA,NA,NA,NA,NA,NA
"AR1_Markov",64,0.0025,3.125,36,100,0,NA,NA,NA,NA,NA,NA
"AR1_Markov",8,0.005,3.125,36,100,0,NA,NA,NA,NA,NA,NA
"AR1_Markov",16,0.005,3.125,36,100,0,NA,NA,NA,NA,NA,NA
"AR1_Markov",32,0.005,3.125,36,100,0,NA,NA,NA,NA,NA,NA
"AR1_Markov",64,0.005,3.125,36,100,0,NA,NA,NA,NA,NA,NA
"AR1_Markov",8,0.01,3.125,36,100,0,NA,NA,NA,NA,NA,NA
"AR1_Markov",16,0.01,3.125,36,100,0,NA,NA,NA,NA,NA,NA
"AR1_Markov",32,0.01,3.125,36,100,0,NA,NA,NA,NA,NA,NA
"AR1_Markov",64,0.01,3.125,36,100,0,NA,NA,NA,NA,NA,NA
"AR1_Markov",8,0.1,3.125,36,100,0,NA,NA,NA,NA,NA,NA
"AR1_Markov",16,0.1,3.125,36,100,0,NA,NA,NA,NA,NA,NA
"AR1_Markov",32,0.1,3.125,36,100,0,NA,NA,NA,NA,NA,NA
"AR1_Markov",64,0.1,3.125,36,100,0,NA,NA,NA,NA,NA,NA
"AR1_Markov",8,0.0025,0,12,3000,0,NA,NA,NA,NA,NA,NA
"AR1_Markov",16,0.0025,0,12,3000,0,NA,NA,NA,NA,NA,NA
"AR1_Markov",32,0.0025,0,12,3000,0,NA,NA,NA,NA,NA,NA
"AR1_Markov",64,0.0025,0,12,3000,0,NA,NA,NA,NA,NA,NA
"AR1_Markov",8,0.005,0,12,3000,0,NA,NA,NA,NA,NA,NA
"AR1_Markov",16,0.005,0,12,3000,0,NA,NA,NA,NA,NA,NA
"AR1_Markov",32,0.005,0,12,3000,0,NA,NA,NA,NA,NA,NA
"AR1_Markov",64,0.005,0,12,3000,0,NA,NA,NA,NA,NA,NA
"AR1_Markov",8,0.01,0,12,3000,0,NA,NA,NA,NA,NA,NA
"AR1_Markov",16,0.01,0,12,3000,0,NA,NA,NA,NA,NA,NA
"AR1_Markov",32,0.01,0,12,3000,0,NA,NA,NA,NA,NA,NA
"AR1_Markov",64,0.01,0,12,3000,0,NA,NA,NA,NA,NA,NA
"AR1_Markov",8,0.1,0,12,3000,0,NA,NA,NA,NA,NA,NA
"AR1_Markov",16,0.1,0,12,3000,0,NA,NA,NA,NA,NA,NA
"AR1_Markov",32,0.1,0,12,3000,0,NA,NA,NA,NA,NA,NA
"AR1_Markov",64,0.1,0,12,3000,0,NA,NA,NA,NA,NA,NA
"AR1_Markov",8,0.0025,0.78125,12,3000,0,NA,NA,NA,NA,NA,NA
"AR1_Markov",16,0.0025,0.78125,12,3000,0,NA,NA,NA,NA,NA,NA
"AR1_Markov",32,0.0025,0.78125,12,3000,0,NA,NA,NA,NA,NA,NA
"AR1_Markov",64,0.0025,0.78125,12,3000,0,NA,NA,NA,NA,NA,NA
"AR1_Markov",8,0.005,0.78125,12,3000,0,NA,NA,NA,NA,NA,NA
"AR1_Markov",16,0.005,0.78125,12,3000,0,NA,NA,NA,NA,NA,NA
"AR1_Markov",32,0.005,0.78125,12,3000,0,NA,NA,NA,NA,NA,NA
"AR1_Markov",64,0.005,0.78125,12,3000,0,NA,NA,NA,NA,NA,NA
"AR1_Markov",8,0.01,0.78125,12,3000,0,NA,NA,NA,NA,NA,NA
"AR1_Markov",16,0.01,0.78125,12,3000,0,NA,NA,NA,NA,NA,NA
"AR1_Markov",32,0.01,0.78125,12,3000,0,NA,NA,NA,NA,NA,NA
"AR1_Markov",64,0.01,0.78125,12,3000,0,NA,NA,NA,NA,NA,NA
"AR1_Markov",8,0.1,0.78125,12,3000,0,NA,NA,NA,NA,NA,NA
"AR1_Markov",16,0.1,0.78125,12,3000,0,NA,NA,NA,NA,NA,NA
"AR1_Markov",32,0.1,0.78125,12,3000,0,NA,NA,NA,NA,NA,NA
"AR1_Markov",64,0.1,0.78125,12,3000,0,NA,NA,NA,NA,NA,NA
"AR1_Markov",8,0.0025,1.5625,12,3000,0,NA,NA,NA,NA,NA,NA
"AR1_Markov",16,0.0025,1.5625,12,3000,0,NA,NA,NA,NA,NA,NA
"AR1_Markov",32,0.0025,1.5625,12,3000,0,NA,NA,NA,NA,NA,NA
"AR1_Markov",64,0.0025,1.5625,12,3000,0,NA,NA,NA,NA,NA,NA
"AR1_Markov",8,0.005,1.5625,12,3000,0,NA,NA,NA,NA,NA,NA
"AR1_Markov",16,0.005,1.5625,12,3000,0,NA,NA,NA,NA,NA,NA
"AR1_Markov",32,0.005,1.5625,12,3000,0,NA,NA,NA,NA,NA,NA
"AR1_Markov",64,0.005,1.5625,12,3000,0,NA,NA,NA,NA,NA,NA
"AR1_Markov",8,0.01,1.5625,12,3000,0,NA,NA,NA,NA,NA,NA
"AR1_Markov",16,0.01,1.5625,12,3000,0,NA,NA,NA,NA,NA,NA
"AR1_Markov",32,0.01,1.5625,12,3000,0,NA,NA,NA,NA,NA,NA
"AR1_Markov",64,0.01,1.5625,12,3000,0,NA,NA,NA,NA,NA,NA
"AR1_Markov",8,0.1,1.5625,12,3000,0,NA,NA,NA,NA,NA,NA
"AR1_Markov",16,0.1,1.5625,12,3000,0,NA,NA,NA,NA,NA,NA
"AR1_Markov",32,0.1,1.5625,12,3000,0,NA,NA,NA,NA,NA,NA
"AR1_Markov",64,0.1,1.5625,12,3000,0,NA,NA,NA,NA,NA,NA
"AR1_Markov",8,0.0025,3.125,12,3000,0,NA,NA,NA,NA,NA,NA
"AR1_Markov",16,0.0025,3.125,12,3000,0,NA,NA,NA,NA,NA,NA
"AR1_Markov",32,0.0025,3.125,12,3000,0,NA,NA,NA,NA,NA,NA
"AR1_Markov",64,0.0025,3.125,12,3000,0,NA,NA,NA,NA,NA,NA
"AR1_Markov",8,0.005,3.125,12,3000,0,NA,NA,NA,NA,NA,NA
"AR1_Markov",16,0.005,3.125,12,3000,0,NA,NA,NA,NA,NA,NA
"AR1_Markov",32,0.005,3.125,12,3000,0,NA,NA,NA,NA,NA,NA
"AR1_Markov",64,0.005,3.125,12,3000,0,NA,NA,NA,NA,NA,NA
"AR1_Markov",8,0.01,3.125,12,3000,0,NA,NA,NA,NA,NA,NA
"AR1_Markov",16,0.01,3.125,12,3000,0,NA,NA,NA,NA,NA,NA
"AR1_Markov",32,0.01,3.125,12,3000,0,NA,NA,NA,NA,NA,NA
"AR1_Markov",64,0.01,3.125,12,3000,0,NA,NA,NA,NA,NA,NA
"AR1_Markov",8,0.1,3.125,12,3000,0,NA,NA,NA,NA,NA,NA
"AR1_Markov",16,0.1,3.125,12,3000,0,NA,NA,NA,NA,NA,NA
"AR1_Markov",32,0.1,3.125,12,3000,0,NA,NA,NA,NA,NA,NA
"AR1_Markov",64,0.1,3.125,12,3000,0,NA,NA,NA,NA,NA,NA
"AR1_Markov",8,0.0025,0,36,3000,0,NA,NA,NA,NA,NA,NA
"AR1_Markov",16,0.0025,0,36,3000,0,NA,NA,NA,NA,NA,NA
"AR1_Markov",32,0.0025,0,36,3000,0,NA,NA,NA,NA,NA,NA
"AR1_Markov",64,0.0025,0,36,3000,0,NA,NA,NA,NA,NA,NA
"AR1_Markov",8,0.005,0,36,3000,0,NA,NA,NA,NA,NA,NA
"AR1_Markov",16,0.005,0,36,3000,0,NA,NA,NA,NA,NA,NA
"AR1_Markov",32,0.005,0,36,3000,0,NA,NA,NA,NA,NA,NA
"AR1_Markov",64,0.005,0,36,3000,0,NA,NA,NA,NA,NA,NA
"AR1_Markov",8,0.01,0,36,3000,0,NA,NA,NA,NA,NA,NA
"AR1_Markov",16,0.01,0,36,3000,0,NA,NA,NA,NA,NA,NA
"AR1_Markov",32,0.01,0,36,3000,0,NA,NA,NA,NA,NA,NA
"AR1_Markov",64,0.01,0,36,3000,0,NA,NA,NA,NA,NA,NA
"AR1_Markov",8,0.1,0,36,3000,0,NA,NA,NA,NA,NA,NA
"AR1_Markov",16,0.1,0,36,3000,0,NA,NA,NA,NA,NA,NA
"AR1_Markov",32,0.1,0,36,3000,0,NA,NA,NA,NA,NA,NA
"AR1_Markov",64,0.1,0,36,3000,0,NA,NA,NA,NA,NA,NA
"AR1_Markov",8,0.0025,0.78125,36,3000,0,NA,NA,NA,NA,NA,NA
"AR1_Markov",16,0.0025,0.78125,36,3000,0,NA,NA,NA,NA,NA,NA
"AR1_Markov",32,0.0025,0.78125,36,3000,0,NA,NA,NA,NA,NA,NA
"AR1_Markov",64,0.0025,0.78125,36,3000,0,NA,NA,NA,NA,NA,NA
"AR1_Markov",8,0.005,0.78125,36,3000,0,NA,NA,NA,NA,NA,NA
"AR1_Markov",16,0.005,0.78125,36,3000,0,NA,NA,NA,NA,NA,NA
"AR1_Markov",32,0.005,0.78125,36,3000,0,NA,NA,NA,NA,NA,NA
"AR1_Markov",64,0.005,0.78125,36,3000,0,NA,NA,NA,NA,NA,NA
"AR1_Markov",8,0.01,0.78125,36,3000,0,NA,NA,NA,NA,NA,NA
"AR1_Markov",16,0.01,0.78125,36,3000,0,NA,NA,NA,NA,NA,NA
"AR1_Markov",32,0.01,0.78125,36,3000,0,NA,NA,NA,NA,NA,NA
"AR1_Markov",64,0.01,0.78125,36,3000,0,NA,NA,NA,NA,NA,NA
"AR1_Markov",8,0.1,0.78125,36,3000,0,NA,NA,NA,NA,NA,NA
"AR1_Markov",16,0.1,0.78125,36,3000,0,NA,NA,NA,NA,NA,NA
"AR1_Markov",32,0.1,0.78125,36,3000,0,NA,NA,NA,NA,NA,NA
"AR1_Markov",64,0.1,0.78125,36,3000,0,NA,NA,NA,NA,NA,NA
"AR1_Markov",8,0.0025,1.5625,36,3000,0,NA,NA,NA,NA,NA,NA
"AR1_Markov",16,0.0025,1.5625,36,3000,0,NA,NA,NA,NA,NA,NA
"AR1_Markov",32,0.0025,1.5625,36,3000,0,NA,NA,NA,NA,NA,NA
"AR1_Markov",64,0.0025,1.5625,36,3000,0,NA,NA,NA,NA,NA,NA
"AR1_Markov",8,0.005,1.5625,36,3000,0,NA,NA,NA,NA,NA,NA
"AR1_Markov",16,0.005,1.5625,36,3000,0,NA,NA,NA,NA,NA,NA
"AR1_Markov",32,0.005,1.5625,36,3000,0,NA,NA,NA,NA,NA,NA
"AR1_Markov",64,0.005,1.5625,36,3000,0,NA,NA,NA,NA,NA,NA
"AR1_Markov",8,0.01,1.5625,36,3000,0,NA,NA,NA,NA,NA,NA
"AR1_Markov",16,0.01,1.5625,36,3000,0,NA,NA,NA,NA,NA,NA
"AR1_Markov",32,0.01,1.5625,36,3000,0,NA,NA,NA,NA,NA,NA
"AR1_Markov",64,0.01,1.5625,36,3000,0,NA,NA,NA,NA,NA,NA
"AR1_Markov",8,0.1,1.5625,36,3000,0,NA,NA,NA,NA,NA,NA
"AR1_Markov",16,0.1,1.5625,36,3000,0,NA,NA,NA,NA,NA,NA
"AR1_Markov",32,0.1,1.5625,36,3000,0,NA,NA,NA,NA,NA,NA
"AR1_Markov",64,0.1,1.5625,36,3000,0,NA,NA,NA,NA,NA,NA
"AR1_Markov",8,0.0025,3.125,36,3000,0,NA,NA,NA,NA,NA,NA
"AR1_Markov",16,0.0025,3.125,36,3000,0,NA,NA,NA,NA,NA,NA
"AR1_Markov",32,0.0025,3.125,36,3000,0,NA,NA,NA,NA,NA,NA
"AR1_Markov",64,0.0025,3.125,36,3000,0,NA,NA,NA,NA,NA,NA
"AR1_Markov",8,0.005,3.125,36,3000,0,NA,NA,NA,NA,NA,NA
"AR1_Markov",16,0.005,3.125,36,3000,0,NA,NA,NA,NA,NA,NA
"AR1_Markov",32,0.005,3.125,36,3000,0,NA,NA,NA,NA,NA,NA
"AR1_Markov",64,0.005,3.125,36,3000,0,NA,NA,NA,NA,NA,NA
"AR1_Markov",8,0.01,3.125,36,3000,0,NA,NA,NA,NA,NA,NA
"AR1_Markov",16,0.01,3.125,36,3000,0,NA,NA,NA,NA,NA,NA
"AR1_Markov",32,0.01,3.125,36,3000,0,NA,NA,NA,NA,NA,NA
"AR1_Markov",64,0.01,3.125,36,3000,0,NA,NA,NA,NA,NA,NA
"AR1_Markov",8,0.1,3.125,36,3000,0,NA,NA,NA,NA,NA,NA
"AR1_Markov",16,0.1,3.125,36,3000,0,NA,NA,NA,NA,NA,NA
"AR1_Markov",32,0.1,3.125,36,3000,0,NA,NA,NA,NA,NA,NA
"AR1_Markov",64,0.1,3.125,36,3000,0,NA,NA,NA,NA,NA,NA
"AR1_state_based_logistic",8,0.0025,0,12,100,0,NA,NA,NA,NA,NA,NA
"AR1_state_based_logistic",16,0.0025,0,12,100,0,NA,NA,NA,NA,NA,NA
"AR1_state_based_logistic",32,0.0025,0,12,100,0,NA,NA,NA,NA,NA,NA
"AR1_state_based_logistic",64,0.0025,0,12,100,0,NA,NA,NA,NA,NA,NA
"AR1_state_based_logistic",8,0.005,0,12,100,0,NA,NA,NA,NA,NA,NA
"AR1_state_based_logistic",16,0.005,0,12,100,0,NA,NA,NA,NA,NA,NA
"AR1_state_based_logistic",32,0.005,0,12,100,0,NA,NA,NA,NA,NA,NA
"AR1_state_based_logistic",64,0.005,0,12,100,0,NA,NA,NA,NA,NA,NA
"AR1_state_based_logistic",8,0.01,0,12,100,0,NA,NA,NA,NA,NA,NA
"AR1_state_based_logistic",16,0.01,0,12,100,0,NA,NA,NA,NA,NA,NA
"AR1_state_based_logistic",32,0.01,0,12,100,0,NA,NA,NA,NA,NA,NA
"AR1_state_based_logistic",64,0.01,0,12,100,0,NA,NA,NA,NA,NA,NA
"AR1_state_based_logistic",8,0.1,0,12,100,0,NA,NA,NA,NA,NA,NA
"AR1_state_based_logistic",16,0.1,0,12,100,0,NA,NA,NA,NA,NA,NA
"AR1_state_based_logistic",32,0.1,0,12,100,0,NA,NA,NA,NA,NA,NA
"AR1_state_based_logistic",64,0.1,0,12,100,0,NA,NA,NA,NA,NA,NA
"AR1_state_based_logistic",8,0.0025,0.78125,12,100,0,NA,NA,NA,NA,NA,NA
"AR1_state_based_logistic",16,0.0025,0.78125,12,100,0,NA,NA,NA,NA,NA,NA
"AR1_state_based_logistic",32,0.0025,0.78125,12,100,0,NA,NA,NA,NA,NA,NA
"AR1_state_based_logistic",64,0.0025,0.78125,12,100,0,NA,NA,NA,NA,NA,NA
"AR1_state_based_logistic",8,0.005,0.78125,12,100,0,NA,NA,NA,NA,NA,NA
"AR1_state_based_logistic",16,0.005,0.78125,12,100,0,NA,NA,NA,NA,NA,NA
"AR1_state_based_logistic",32,0.005,0.78125,12,100,0,NA,NA,NA,NA,NA,NA
"AR1_state_based_logistic",64,0.005,0.78125,12,100,0,NA,NA,NA,NA,NA,NA
"AR1_state_based_logistic",8,0.01,0.78125,12,100,0,NA,NA,NA,NA,NA,NA
"AR1_state_based_logistic",16,0.01,0.78125,12,100,0,NA,NA,NA,NA,NA,NA
"AR1_state_based_logistic",32,0.01,0.78125,12,100,0,NA,NA,NA,NA,NA,NA
"AR1_state_based_logistic",64,0.01,0.78125,12,100,0,NA,NA,NA,NA,NA,NA
"AR1_state_based_logistic",8,0.1,0.78125,12,100,0,NA,NA,NA,NA,NA,NA
"AR1_state_based_logistic",16,0.1,0.78125,12,100,0,NA,NA,NA,NA,NA,NA
"AR1_state_based_logistic",32,0.1,0.78125,12,100,0,NA,NA,NA,NA,NA,NA
"AR1_state_based_logistic",64,0.1,0.78125,12,100,0,NA,NA,NA,NA,NA,NA
"AR1_state_based_logistic",8,0.0025,1.5625,12,100,0,NA,NA,NA,NA,NA,NA
"AR1_state_based_logistic",16,0.0025,1.5625,12,100,0,NA,NA,NA,NA,NA,NA
"AR1_state_based_logistic",32,0.0025,1.5625,12,100,0,NA,NA,NA,NA,NA,NA
"AR1_state_based_logistic",64,0.0025,1.5625,12,100,0,NA,NA,NA,NA,NA,NA
"AR1_state_based_logistic",8,0.005,1.5625,12,100,0,NA,NA,NA,NA,NA,NA
"AR1_state_based_logistic",16,0.005,1.5625,12,100,0,NA,NA,NA,NA,NA,NA
"AR1_state_based_logistic",32,0.005,1.5625,12,100,0,NA,NA,NA,NA,NA,NA
"AR1_state_based_logistic",64,0.005,1.5625,12,100,0,NA,NA,NA,NA,NA,NA
"AR1_state_based_logistic",8,0.01,1.5625,12,100,0,NA,NA,NA,NA,NA,NA
"AR1_state_based_logistic",16,0.01,1.5625,12,100,0,NA,NA,NA,NA,NA,NA
"AR1_state_based_logistic",32,0.01,1.5625,12,100,0,NA,NA,NA,NA,NA,NA
"AR1_state_based_logistic",64,0.01,1.5625,12,100,0,NA,NA,NA,NA,NA,NA
"AR1_state_based_logistic",8,0.1,1.5625,12,100,0,NA,NA,NA,NA,NA,NA
"AR1_state_based_logistic",16,0.1,1.5625,12,100,0,NA,NA,NA,NA,NA,NA
"AR1_state_based_logistic",32,0.1,1.5625,12,100,0,NA,NA,NA,NA,NA,NA
"AR1_state_based_logistic",64,0.1,1.5625,12,100,0,NA,NA,NA,NA,NA,NA
"AR1_state_based_logistic",8,0.0025,3.125,12,100,0,NA,NA,NA,NA,NA,NA
"AR1_state_based_logistic",16,0.0025,3.125,12,100,0,NA,NA,NA,NA,NA,NA
"AR1_state_based_logistic",32,0.0025,3.125,12,100,0,NA,NA,NA,NA,NA,NA
"AR1_state_based_logistic",64,0.0025,3.125,12,100,0,NA,NA,NA,NA,NA,NA
"AR1_state_based_logistic",8,0.005,3.125,12,100,0,NA,NA,NA,NA,NA,NA
"AR1_state_based_logistic",16,0.005,3.125,12,100,0,NA,NA,NA,NA,NA,NA
"AR1_state_based_logistic",32,0.005,3.125,12,100,0,NA,NA,NA,NA,NA,NA
"AR1_state_based_logistic",64,0.005,3.125,12,100,0,NA,NA,NA,NA,NA,NA
"AR1_state_based_logistic",8,0.01,3.125,12,100,0,NA,NA,NA,NA,NA,NA
"AR1_state_based_logistic",16,0.01,3.125,12,100,0,NA,NA,NA,NA,NA,NA
"AR1_state_based_logistic",32,0.01,3.125,12,100,0,NA,NA,NA,NA,NA,NA
"AR1_state_based_logistic",64,0.01,3.125,12,100,0,NA,NA,NA,NA,NA,NA
"AR1_state_based_logistic",8,0.1,3.125,12,100,0,NA,NA,NA,NA,NA,NA
"AR1_state_based_logistic",16,0.1,3.125,12,100,0,NA,NA,NA,NA,NA,NA
"AR1_state_based_logistic",32,0.1,3.125,12,100,0,NA,NA,NA,NA,NA,NA
"AR1_state_based_logistic",64,0.1,3.125,12,100,0,NA,NA,NA,NA,NA,NA
"AR1_state_based_logistic",8,0.0025,0,36,100,0,NA,NA,NA,NA,NA,NA
"AR1_state_based_logistic",16,0.0025,0,36,100,0,NA,NA,NA,NA,NA,NA
"AR1_state_based_logistic",32,0.0025,0,36,100,0,NA,NA,NA,NA,NA,NA
"AR1_state_based_logistic",64,0.0025,0,36,100,0,NA,NA,NA,NA,NA,NA
"AR1_state_based_logistic",8,0.005,0,36,100,0,NA,NA,NA,NA,NA,NA
"AR1_state_based_logistic",16,0.005,0,36,100,0,NA,NA,NA,NA,NA,NA
"AR1_state_based_logistic",32,0.005,0,36,100,0,NA,NA,NA,NA,NA,NA
"AR1_state_based_logistic",64,0.005,0,36,100,0,NA,NA,NA,NA,NA,NA
"AR1_state_based_logistic",8,0.01,0,36,100,0,NA,NA,NA,NA,NA,NA
"AR1_state_based_logistic",16,0.01,0,36,100,0,NA,NA,NA,NA,NA,NA
"AR1_state_based_logistic",32,0.01,0,36,100,0,NA,NA,NA,NA,NA,NA
"AR1_state_based_logistic",64,0.01,0,36,100,0,NA,NA,NA,NA,NA,NA
"AR1_state_based_logistic",8,0.1,0,36,100,0,NA,NA,NA,NA,NA,NA
"AR1_state_based_logistic",16,0.1,0,36,100,0,NA,NA,NA,NA,NA,NA
"AR1_state_based_logistic",32,0.1,0,36,100,0,NA,NA,NA,NA,NA,NA
"AR1_state_based_logistic",64,0.1,0,36,100,0,NA,NA,NA,NA,NA,NA
"AR1_state_based_logistic",8,0.0025,0.78125,36,100,0,NA,NA,NA,NA,NA,NA
"AR1_state_based_logistic",16,0.0025,0.78125,36,100,0,NA,NA,NA,NA,NA,NA
"AR1_state_based_logistic",32,0.0025,0.78125,36,100,0,NA,NA,NA,NA,NA,NA
"AR1_state_based_logistic",64,0.0025,0.78125,36,100,0,NA,NA,NA,NA,NA,NA
"AR1_state_based_logistic",8,0.005,0.78125,36,100,0,NA,NA,NA,NA,NA,NA
"AR1_state_based_logistic",16,0.005,0.78125,36,100,0,NA,NA,NA,NA,NA,NA
"AR1_state_based_logistic",32,0.005,0.78125,36,100,0,NA,NA,NA,NA,NA,NA
"AR1_state_based_logistic",64,0.005,0.78125,36,100,0,NA,NA,NA,NA,NA,NA
"AR1_state_based_logistic",8,0.01,0.78125,36,100,0,NA,NA,NA,NA,NA,NA
"AR1_state_based_logistic",16,0.01,0.78125,36,100,0,NA,NA,NA,NA,NA,NA
"AR1_state_based_logistic",32,0.01,0.78125,36,100,0,NA,NA,NA,NA,NA,NA
"AR1_state_based_logistic",64,0.01,0.78125,36,100,0,NA,NA,NA,NA,NA,NA
"AR1_state_based_logistic",8,0.1,0.78125,36,100,0,NA,NA,NA,NA,NA,NA
"AR1_state_based_logistic",16,0.1,0.78125,36,100,0,NA,NA,NA,NA,NA,NA
"AR1_state_based_logistic",32,0.1,0.78125,36,100,0,NA,NA,NA,NA,NA,NA
"AR1_state_based_logistic",64,0.1,0.78125,36,100,0,NA,NA,NA,NA,NA,NA
"AR1_state_based_logistic",8,0.0025,1.5625,36,100,0,NA,NA,NA,NA,NA,NA
"AR1_state_based_logistic",16,0.0025,1.5625,36,100,0,NA,NA,NA,NA,NA,NA
"AR1_state_based_logistic",32,0.0025,1.5625,36,100,0,NA,NA,NA,NA,NA,NA
"AR1_state_based_logistic",64,0.0025,1.5625,36,100,0,NA,NA,NA,NA,NA,NA
"AR1_state_based_logistic",8,0.005,1.5625,36,100,0,NA,NA,NA,NA,NA,NA
"AR1_state_based_logistic",16,0.005,1.5625,36,100,0,NA,NA,NA,NA,NA,NA
"AR1_state_based_logistic",32,0.005,1.5625,36,100,0,NA,NA,NA,NA,NA,NA
"AR1_state_based_logistic",64,0.005,1.5625,36,100,0,NA,NA,NA,NA,NA,NA
"AR1_state_based_logistic",8,0.01,1.5625,36,100,0,NA,NA,NA,NA,NA,NA
"AR1_state_based_logistic",16,0.01,1.5625,36,100,0,NA,NA,NA,NA,NA,NA
"AR1_state_based_logistic",32,0.01,1.5625,36,100,0,NA,NA,NA,NA,NA,NA
"AR1_state_based_logistic",64,0.01,1.5625,36,100,0,NA,NA,NA,NA,NA,NA
"AR1_state_based_logistic",8,0.1,1.5625,36,100,0,NA,NA,NA,NA,NA,NA
"AR1_state_based_logistic",16,0.1,1.5625,36,100,0,NA,NA,NA,NA,NA,NA
"AR1_state_based_logistic",32,0.1,1.5625,36,100,0,NA,NA,NA,NA,NA,NA
"AR1_state_based_logistic",64,0.1,1.5625,36,100,0,NA,NA,NA,NA,NA,NA
"AR1_state_based_logistic",8,0.0025,3.125,36,100,0,NA,NA,NA,NA,NA,NA
"AR1_state_based_logistic",16,0.0025,3.125,36,100,0,NA,NA,NA,NA,NA,NA
"AR1_state_based_logistic",32,0.0025,3.125,36,100,0,NA,NA,NA,NA,NA,NA
"AR1_state_based_logistic",64,0.0025,3.125,36,100,0,NA,NA,NA,NA,NA,NA
"AR1_state_based_logistic",8,0.005,3.125,36,100,0,NA,NA,NA,NA,NA,NA
"AR1_state_based_logistic",16,0.005,3.125,36,100,0,NA,NA,NA,NA,NA,NA
"AR1_state_based_logistic",32,0.005,3.125,36,100,0,NA,NA,NA,NA,NA,NA
"AR1_state_based_logistic",64,0.005,3.125,36,100,0,NA,NA,NA,NA,NA,NA
"AR1_state_based_logistic",8,0.01,3.125,36,100,0,NA,NA,NA,NA,NA,NA
"AR1_state_based_logistic",16,0.01,3.125,36,100,0,NA,NA,NA,NA,NA,NA
"AR1_state_based_logistic",32,0.01,3.125,36,100,0,NA,NA,NA,NA,NA,NA
"AR1_state_based_logistic",64,0.01,3.125,36,100,0,NA,NA,NA,NA,NA,NA
"AR1_state_based_logistic",8,0.1,3.125,36,100,0,NA,NA,NA,NA,NA,NA
"AR1_state_based_logistic",16,0.1,3.125,36,100,0,NA,NA,NA,NA,NA,NA
"AR1_state_based_logistic",32,0.1,3.125,36,100,0,NA,NA,NA,NA,NA,NA
"AR1_state_based_logistic",64,0.1,3.125,36,100,0,NA,NA,NA,NA,NA,NA
"AR1_state_based_logistic",8,0.0025,0,12,3000,0,NA,NA,NA,NA,NA,NA
"AR1_state_based_logistic",16,0.0025,0,12,3000,0,NA,NA,NA,NA,NA,NA
"AR1_state_based_logistic",32,0.0025,0,12,3000,0,NA,NA,NA,NA,NA,NA
"AR1_state_based_logistic",64,0.0025,0,12,3000,0,NA,NA,NA,NA,NA,NA
"AR1_state_based_logistic",8,0.005,0,12,3000,0,NA,NA,NA,NA,NA,NA
"AR1_state_based_logistic",16,0.005,0,12,3000,0,NA,NA,NA,NA,NA,NA
"AR1_state_based_logistic",32,0.005,0,12,3000,0,NA,NA,NA,NA,NA,NA
"AR1_state_based_logistic",64,0.005,0,12,3000,0,NA,NA,NA,NA,NA,NA
"AR1_state_based_logistic",8,0.01,0,12,3000,0,NA,NA,NA,NA,NA,NA
"AR1_state_based_logistic",16,0.01,0,12,3000,0,NA,NA,NA,NA,NA,NA
"AR1_state_based_logistic",32,0.01,0,12,3000,0,NA,NA,NA,NA,NA,NA
"AR1_state_based_logistic",64,0.01,0,12,3000,0,NA,NA,NA,NA,NA,NA
"AR1_state_based_logistic",8,0.1,0,12,3000,0,NA,NA,NA,NA,NA,NA
"AR1_state_based_logistic",16,0.1,0,12,3000,0,NA,NA,NA,NA,NA,NA
"AR1_state_based_logistic",32,0.1,0,12,3000,0,NA,NA,NA,NA,NA,NA
"AR1_state_based_logistic",64,0.1,0,12,3000,0,NA,NA,NA,NA,NA,NA
"AR1_state_based_logistic",8,0.0025,0.78125,12,3000,0,NA,NA,NA,NA,NA,NA
"AR1_state_based_logistic",16,0.0025,0.78125,12,3000,0,NA,NA,NA,NA,NA,NA
"AR1_state_based_logistic",32,0.0025,0.78125,12,3000,0,NA,NA,NA,NA,NA,NA
"AR1_state_based_logistic",64,0.0025,0.78125,12,3000,0,NA,NA,NA,NA,NA,NA
"AR1_state_based_logistic",8,0.005,0.78125,12,3000,0,NA,NA,NA,NA,NA,NA
"AR1_state_based_logistic",16,0.005,0.78125,12,3000,0,NA,NA,NA,NA,NA,NA
"AR1_state_based_logistic",32,0.005,0.78125,12,3000,0,NA,NA,NA,NA,NA,NA
"AR1_state_based_logistic",64,0.005,0.78125,12,3000,0,NA,NA,NA,NA,NA,NA
"AR1_state_based_logistic",8,0.01,0.78125,12,3000,0,NA,NA,NA,NA,NA,NA
"AR1_state_based_logistic",16,0.01,0.78125,12,3000,0,NA,NA,NA,NA,NA,NA
"AR1_state_based_logistic",32,0.01,0.78125,12,3000,0,NA,NA,NA,NA,NA,NA
"AR1_state_based_logistic",64,0.01,0.78125,12,3000,0,NA,NA,NA,NA,NA,NA
"AR1_state_based_logistic",8,0.1,0.78125,12,3000,0,NA,NA,NA,NA,NA,NA
"AR1_state_based_logistic",16,0.1,0.78125,12,3000,0,NA,NA,NA,NA,NA,NA
"AR1_state_based_logistic",32,0.1,0.78125,12,3000,0,NA,NA,NA,NA,NA,NA
"AR1_state_based_logistic",64,0.1,0.78125,12,3000,0,NA,NA,NA,NA,NA,NA
"AR1_state_based_logistic",8,0.0025,1.5625,12,3000,0,NA,NA,NA,NA,NA,NA
"AR1_state_based_logistic",16,0.0025,1.5625,12,3000,0,NA,NA,NA,NA,NA,NA
"AR1_state_based_logistic",32,0.0025,1.5625,12,3000,0,NA,NA,NA,NA,NA,NA
"AR1_state_based_logistic",64,0.0025,1.5625,12,3000,0,NA,NA,NA,NA,NA,NA
"AR1_state_based_logistic",8,0.005,1.5625,12,3000,0,NA,NA,NA,NA,NA,NA
"AR1_state_based_logistic",16,0.005,1.5625,12,3000,0,NA,NA,NA,NA,NA,NA
"AR1_state_based_logistic",32,0.005,1.5625,12,3000,0,NA,NA,NA,NA,NA,NA
"AR1_state_based_logistic",64,0.005,1.5625,12,3000,0,NA,NA,NA,NA,NA,NA
"AR1_state_based_logistic",8,0.01,1.5625,12,3000,0,NA,NA,NA,NA,NA,NA
"AR1_state_based_logistic",16,0.01,1.5625,12,3000,0,NA,NA,NA,NA,NA,NA
"AR1_state_based_logistic",32,0.01,1.5625,12,3000,0,NA,NA,NA,NA,NA,NA
"AR1_state_based_logistic",64,0.01,1.5625,12,3000,0,NA,NA,NA,NA,NA,NA
"AR1_state_based_logistic",8,0.1,1.5625,12,3000,0,NA,NA,NA,NA,NA,NA
"AR1_state_based_logistic",16,0.1,1.5625,12,3000,0,NA,NA,NA,NA,NA,NA
"AR1_state_based_logistic",32,0.1,1.5625,12,3000,0,NA,NA,NA,NA,NA,NA
"AR1_state_based_logistic",64,0.1,1.5625,12,3000,0,NA,NA,NA,NA,NA,NA
"AR1_state_based_logistic",8,0.0025,3.125,12,3000,0,NA,NA,NA,NA,NA,NA
"AR1_state_based_logistic",16,0.0025,3.125,12,3000,0,NA,NA,NA,NA,NA,NA
"AR1_state_based_logistic",32,0.0025,3.125,12,3000,0,NA,NA,NA,NA,NA,NA
"AR1_state_based_logistic",64,0.0025,3.125,12,3000,0,NA,NA,NA,NA,NA,NA
"AR1_state_based_logistic",8,0.005,3.125,12,3000,0,NA,NA,NA,NA,NA,NA
"AR1_state_based_logistic",16,0.005,3.125,12,3000,0,NA,NA,NA,NA,NA,NA
"AR1_state_based_logistic",32,0.005,3.125,12,3000,0,NA,NA,NA,NA,NA,NA
"AR1_state_based_logistic",64,0.005,3.125,12,3000,0,NA,NA,NA,NA,NA,NA
"AR1_state_based_logistic",8,0.01,3.125,12,3000,0,NA,NA,NA,NA,NA,NA
"AR1_state_based_logistic",16,0.01,3.125,12,3000,0,NA,NA,NA,NA,NA,NA
"AR1_state_based_logistic",32,0.01,3.125,12,3000,0,NA,NA,NA,NA,NA,NA
"AR1_state_based_logistic",64,0.01,3.125,12,3000,0,NA,NA,NA,NA,NA,NA
"AR1_state_based_logistic",8,0.1,3.125,12,3000,0,NA,NA,NA,NA,NA,NA
"AR1_state_based_logistic",16,0.1,3.125,12,3000,0,NA,NA,NA,NA,NA,NA
"AR1_state_based_logistic",32,0.1,3.125,12,3000,0,NA,NA,NA,NA,NA,NA
"AR1_state_based_logistic",64,0.1,3.125,12,3000,0,NA,NA,NA,NA,NA,NA
"AR1_state_based_logistic",8,0.0025,0,36,3000,0,NA,NA,NA,NA,NA,NA
"AR1_state_based_logistic",16,0.0025,0,36,3000,0,NA,NA,NA,NA,NA,NA
"AR1_state_based_logistic",32,0.0025,0,36,3000,0,NA,NA,NA,NA,NA,NA
"AR1_state_based_logistic",64,0.0025,0,36,3000,0,NA,NA,NA,NA,NA,NA
"AR1_state_based_logistic",8,0.005,0,36,3000,0,NA,NA,NA,NA,NA,NA
"AR1_state_based_logistic",16,0.005,0,36,3000,0,NA,NA,NA,NA,NA,NA
"AR1_state_based_logistic",32,0.005,0,36,3000,0,NA,NA,NA,NA,NA,NA
"AR1_state_based_logistic",64,0.005,0,36,3000,0,NA,NA,NA,NA,NA,NA
"AR1_state_based_logistic",8,0.01,0,36,3000,0,NA,NA,NA,NA,NA,NA
"AR1_state_based_logistic",16,0.01,0,36,3000,0,NA,NA,NA,NA,NA,NA
"AR1_state_based_logistic",32,0.01,0,36,3000,0,NA,NA,NA,NA,NA,NA
"AR1_state_based_logistic",64,0.01,0,36,3000,0,NA,NA,NA,NA,NA,NA
"AR1_state_based_logistic",8,0.1,0,36,3000,0,NA,NA,NA,NA,NA,NA
"AR1_state_based_logistic",16,0.1,0,36,3000,0,NA,NA,NA,NA,NA,NA
"AR1_state_based_logistic",32,0.1,0,36,3000,0,NA,NA,NA,NA,NA,NA
"AR1_state_based_logistic",64,0.1,0,36,3000,0,NA,NA,NA,NA,NA,NA
"AR1_state_based_logistic",8,0.0025,0.78125,36,3000,0,NA,NA,NA,NA,NA,NA
"AR1_state_based_logistic",16,0.0025,0.78125,36,3000,0,NA,NA,NA,NA,NA,NA
"AR1_state_based_logistic",32,0.0025,0.78125,36,3000,0,NA,NA,NA,NA,NA,NA
"AR1_state_based_logistic",64,0.0025,0.78125,36,3000,0,NA,NA,NA,NA,NA,NA
"AR1_state_based_logistic",8,0.005,0.78125,36,3000,0,NA,NA,NA,NA,NA,NA
"AR1_state_based_logistic",16,0.005,0.78125,36,3000,0,NA,NA,NA,NA,NA,NA
"AR1_state_based_logistic",32,0.005,0.78125,36,3000,0,NA,NA,NA,NA,NA,NA
"AR1_state_based_logistic",64,0.005,0.78125,36,3000,0,NA,NA,NA,NA,NA,NA
"AR1_state_based_logistic",8,0.01,0.78125,36,3000,0,NA,NA,NA,NA,NA,NA
"AR1_state_based_logistic",16,0.01,0.78125,36,3000,0,NA,NA,NA,NA,NA,NA
"AR1_state_based_logistic",32,0.01,0.78125,36,3000,0,NA,NA,NA,NA,NA,NA
"AR1_state_based_logistic",64,0.01,0.78125,36,3000,0,NA,NA,NA,NA,NA,NA
"AR1_state_based_logistic",8,0.1,0.78125,36,3000,0,NA,NA,NA,NA,NA,NA
"AR1_state_based_logistic",16,0.1,0.78125,36,3000,0,NA,NA,NA,NA,NA,NA
"AR1_state_based_logistic",32,0.1,0.78125,36,3000,0,NA,NA,NA,NA,NA,NA
"AR1_state_based_logistic",64,0.1,0.78125,36,3000,0,NA,NA,NA,NA,NA,NA
"AR1_state_based_logistic",8,0.0025,1.5625,36,3000,0,NA,NA,NA,NA,NA,NA
"AR1_state_based_logistic",16,0.0025,1.5625,36,3000,0,NA,NA,NA,NA,NA,NA
"AR1_state_based_logistic",32,0.0025,1.5625,36,3000,0,NA,NA,NA,NA,NA,NA
"AR1_state_based_logistic",64,0.0025,1.5625,36,3000,0,NA,NA,NA,NA,NA,NA
"AR1_state_based_logistic",8,0.005,1.5625,36,3000,0,NA,NA,NA,NA,NA,NA
"AR1_state_based_logistic",16,0.005,1.5625,36,3000,0,NA,NA,NA,NA,NA,NA
"AR1_state_based_logistic",32,0.005,1.5625,36,3000,0,NA,NA,NA,NA,NA,NA
"AR1_state_based_logistic",64,0.005,1.5625,36,3000,0,NA,NA,NA,NA,NA,NA
"AR1_state_based_logistic",8,0.01,1.5625,36,3000,0,NA,NA,NA,NA,NA,NA
"AR1_state_based_logistic",16,0.01,1.5625,36,3000,0,NA,NA,NA,NA,NA,NA
"AR1_state_based_logistic",32,0.01,1.5625,36,3000,0,NA,NA,NA,NA,NA,NA
"AR1_state_based_logistic",64,0.01,1.5625,36,3000,0,NA,NA,NA,NA,NA,NA
"AR1_state_based_logistic",8,0.1,1.5625,36,3000,0,NA,NA,NA,NA,NA,NA
"AR1_state_based_logistic",16,0.1,1.5625,36,3000,0,NA,NA,NA,NA,NA,NA
"AR1_state_based_logistic",32,0.1,1.5625,36,3000,0,NA,NA,NA,NA,NA,NA
"AR1_state_based_logistic",64,0.1,1.5625,36,3000,0,NA,NA,NA,NA,NA,NA
"AR1_state_based_logistic",8,0.0025,3.125,36,3000,0,NA,NA,NA,NA,NA,NA
"AR1_state_based_logistic",16,0.0025,3.125,36,3000,0,NA,NA,NA,NA,NA,NA
"AR1_state_based_logistic",32,0.0025,3.125,36,3000,0,NA,NA,NA,NA,NA,NA
"AR1_state_based_logistic",64,0.0025,3.125,36,3000,0,NA,NA,NA,NA,NA,NA
"AR1_state_based_logistic",8,0.005,3.125,36,3000,0,NA,NA,NA,NA,NA,NA
"AR1_state_based_logistic",16,0.005,3.125,36,3000,0,NA,NA,NA,NA,NA,NA
"AR1_state_based_logistic",32,0.005,3.125,36,3000,0,NA,NA,NA,NA,NA,NA
"AR1_state_based_logistic",64,0.005,3.125,36,3000,0,NA,NA,NA,NA,NA,NA
"AR1_state_based_logistic",8,0.01,3.125,36,3000,0,NA,NA,NA,NA,NA,NA
"AR1_state_based_logistic",16,0.01,3.125,36,3000,0,NA,NA,NA,NA,NA,NA
"AR1_state_based_logistic",32,0.01,3.125,36,3000,0,NA,NA,NA,NA,NA,NA
"AR1_state_based_logistic",64,0.01,3.125,36,3000,0,NA,NA,NA,NA,NA,NA
"AR1_state_based_logistic",8,0.1,3.125,36,3000,0,NA,NA,NA,NA,NA,NA
"AR1_state_based_logistic",16,0.1,3.125,36,3000,0,NA,NA,NA,NA,NA,NA
"AR1_state_based_logistic",32,0.1,3.125,36,3000,0,NA,NA,NA,NA,NA,NA
"AR1_state_based_logistic",64,0.1,3.125,36,3000,0,NA,NA,NA,NA,NA,NA
"Markov",8,0.0025,0,12,100,0,NA,NA,NA,NA,NA,NA
"Markov",16,0.0025,0,12,100,0,NA,NA,NA,NA,NA,NA
"Markov",32,0.0025,0,12,100,0,NA,NA,NA,NA,NA,NA
"Markov",64,0.0025,0,12,100,0,NA,NA,NA,NA,NA,NA
"Markov",8,0.005,0,12,100,0,NA,NA,NA,NA,NA,NA
"Markov",16,0.005,0,12,100,0,NA,NA,NA,NA,NA,NA
"Markov",32,0.005,0,12,100,0,NA,NA,NA,NA,NA,NA
"Markov",64,0.005,0,12,100,0,NA,NA,NA,NA,NA,NA
"Markov",8,0.01,0,12,100,0,NA,NA,NA,NA,NA,NA
"Markov",16,0.01,0,12,100,0,NA,NA,NA,NA,NA,NA
"Markov",32,0.01,0,12,100,0,NA,NA,NA,NA,NA,NA
"Markov",64,0.01,0,12,100,0,NA,NA,NA,NA,NA,NA
"Markov",8,0.1,0,12,100,0,NA,NA,NA,NA,NA,NA
"Markov",16,0.1,0,12,100,0,NA,NA,NA,NA,NA,NA
"Markov",32,0.1,0,12,100,0,NA,NA,NA,NA,NA,NA
"Markov",64,0.1,0,12,100,0,NA,NA,NA,NA,NA,NA
"Markov",8,0.0025,0.78125,12,100,0,NA,NA,NA,NA,NA,NA
"Markov",16,0.0025,0.78125,12,100,0,NA,NA,NA,NA,NA,NA
"Markov",32,0.0025,0.78125,12,100,0,NA,NA,NA,NA,NA,NA
"Markov",64,0.0025,0.78125,12,100,0,NA,NA,NA,NA,NA,NA
"Markov",8,0.005,0.78125,12,100,0,NA,NA,NA,NA,NA,NA
"Markov",16,0.005,0.78125,12,100,0,NA,NA,NA,NA,NA,NA
"Markov",32,0.005,0.78125,12,100,0,NA,NA,NA,NA,NA,NA
"Markov",64,0.005,0.78125,12,100,0,NA,NA,NA,NA,NA,NA
"Markov",8,0.01,0.78125,12,100,0,NA,NA,NA,NA,NA,NA
"Markov",16,0.01,0.78125,12,100,0,NA,NA,NA,NA,NA,NA
"Markov",32,0.01,0.78125,12,100,0,NA,NA,NA,NA,NA,NA
"Markov",64,0.01,0.78125,12,100,0,NA,NA,NA,NA,NA,NA
"Markov",8,0.1,0.78125,12,100,0,NA,NA,NA,NA,NA,NA
"Markov",16,0.1,0.78125,12,100,0,NA,NA,NA,NA,NA,NA
"Markov",32,0.1,0.78125,12,100,0,NA,NA,NA,NA,NA,NA
"Markov",64,0.1,0.78125,12,100,0,NA,NA,NA,NA,NA,NA
"Markov",8,0.0025,1.5625,12,100,0,NA,NA,NA,NA,NA,NA
"Markov",16,0.0025,1.5625,12,100,0,NA,NA,NA,NA,NA,NA
"Markov",32,0.0025,1.5625,12,100,0,NA,NA,NA,NA,NA,NA
"Markov",64,0.0025,1.5625,12,100,0,NA,NA,NA,NA,NA,NA
"Markov",8,0.005,1.5625,12,100,0,NA,NA,NA,NA,NA,NA
"Markov",16,0.005,1.5625,12,100,0,NA,NA,NA,NA,NA,NA
"Markov",32,0.005,1.5625,12,100,0,NA,NA,NA,NA,NA,NA
"Markov",64,0.005,1.5625,12,100,0,NA,NA,NA,NA,NA,NA
"Markov",8,0.01,1.5625,12,100,0,NA,NA,NA,NA,NA,NA
"Markov",16,0.01,1.5625,12,100,0,NA,NA,NA,NA,NA,NA
"Markov",32,0.01,1.5625,12,100,0,NA,NA,NA,NA,NA,NA
"Markov",64,0.01,1.5625,12,100,0,NA,NA,NA,NA,NA,NA
"Markov",8,0.1,1.5625,12,100,0,NA,NA,NA,NA,NA,NA
"Markov",16,0.1,1.5625,12,100,0,NA,NA,NA,NA,NA,NA
"Markov",32,0.1,1.5625,12,100,0,NA,NA,NA,NA,NA,NA
"Markov",64,0.1,1.5625,12,100,0,NA,NA,NA,NA,NA,NA
"Markov",8,0.0025,3.125,12,100,0,NA,NA,NA,NA,NA,NA
"Markov",16,0.0025,3.125,12,100,0,NA,NA,NA,NA,NA,NA
"Markov",32,0.0025,3.125,12,100,0,NA,NA,NA,NA,NA,NA
"Markov",64,0.0025,3.125,12,100,0,NA,NA,NA,NA,NA,NA
"Markov",8,0.005,3.125,12,100,0,NA,NA,NA,NA,NA,NA
"Markov",16,0.005,3.125,12,100,0,NA,NA,NA,NA,NA,NA
"Markov",32,0.005,3.125,12,100,0,NA,NA,NA,NA,NA,NA
"Markov",64,0.005,3.125,12,100,0,NA,NA,NA,NA,NA,NA
"Markov",8,0.01,3.125,12,100,0,NA,NA,NA,NA,NA,NA
"Markov",16,0.01,3.125,12,100,0,NA,NA,NA,NA,NA,NA
"Markov",32,0.01,3.125,12,100,0,NA,NA,NA,NA,NA,NA
"Markov",64,0.01,3.125,12,100,0,NA,NA,NA,NA,NA,NA
"Markov",8,0.1,3.125,12,100,0,NA,NA,NA,NA,NA,NA
"Markov",16,0.1,3.125,12,100,0,NA,NA,NA,NA,NA,NA
"Markov",32,0.1,3.125,12,100,0,NA,NA,NA,NA,NA,NA
"Markov",64,0.1,3.125,12,100,0,NA,NA,NA,NA,NA,NA
"Markov",8,0.0025,0,36,100,0,NA,NA,NA,NA,NA,NA
"Markov",16,0.0025,0,36,100,0,NA,NA,NA,NA,NA,NA
"Markov",32,0.0025,0,36,100,0,NA,NA,NA,NA,NA,NA
"Markov",64,0.0025,0,36,100,0,NA,NA,NA,NA,NA,NA
"Markov",8,0.005,0,36,100,0,NA,NA,NA,NA,NA,NA
"Markov",16,0.005,0,36,100,0,NA,NA,NA,NA,NA,NA
"Markov",32,0.005,0,36,100,0,NA,NA,NA,NA,NA,NA
"Markov",64,0.005,0,36,100,0,NA,NA,NA,NA,NA,NA
"Markov",8,0.01,0,36,100,0,NA,NA,NA,NA,NA,NA
"Markov",16,0.01,0,36,100,0,NA,NA,NA,NA,NA,NA
"Markov",32,0.01,0,36,100,0,NA,NA,NA,NA,NA,NA
"Markov",64,0.01,0,36,100,0,NA,NA,NA,NA,NA,NA
"Markov",8,0.1,0,36,100,0,NA,NA,NA,NA,NA,NA
"Markov",16,0.1,0,36,100,0,NA,NA,NA,NA,NA,NA
"Markov",32,0.1,0,36,100,0,NA,NA,NA,NA,NA,NA
"Markov",64,0.1,0,36,100,0,NA,NA,NA,NA,NA,NA
"Markov",8,0.0025,0.78125,36,100,0,NA,NA,NA,NA,NA,NA
"Markov",16,0.0025,0.78125,36,100,0,NA,NA,NA,NA,NA,NA
"Markov",32,0.0025,0.78125,36,100,0,NA,NA,NA,NA,NA,NA
"Markov",64,0.0025,0.78125,36,100,0,NA,NA,NA,NA,NA,NA
"Markov",8,0.005,0.78125,36,100,0,NA,NA,NA,NA,NA,NA
"Markov",16,0.005,0.78125,36,100,0,NA,NA,NA,NA,NA,NA
"Markov",32,0.005,0.78125,36,100,0,NA,NA,NA,NA,NA,NA
"Markov",64,0.005,0.78125,36,100,0,NA,NA,NA,NA,NA,NA
"Markov",8,0.01,0.78125,36,100,0,NA,NA,NA,NA,NA,NA
"Markov",16,0.01,0.78125,36,100,0,NA,NA,NA,NA,NA,NA
"Markov",32,0.01,0.78125,36,100,0,NA,NA,NA,NA,NA,NA
"Markov",64,0.01,0.78125,36,100,0,NA,NA,NA,NA,NA,NA
"Markov",8,0.1,0.78125,36,100,0,NA,NA,NA,NA,NA,NA
"Markov",16,0.1,0.78125,36,100,0,NA,NA,NA,NA,NA,NA
"Markov",32,0.1,0.78125,36,100,0,NA,NA,NA,NA,NA,NA
"Markov",64,0.1,0.78125,36,100,0,NA,NA,NA,NA,NA,NA
"Markov",8,0.0025,1.5625,36,100,0,NA,NA,NA,NA,NA,NA
"Markov",16,0.0025,1.5625,36,100,0,NA,NA,NA,NA,NA,NA
"Markov",32,0.0025,1.5625,36,100,0,NA,NA,NA,NA,NA,NA
"Markov",64,0.0025,1.5625,36,100,0,NA,NA,NA,NA,NA,NA
"Markov",8,0.005,1.5625,36,100,0,NA,NA,NA,NA,NA,NA
"Markov",16,0.005,1.5625,36,100,0,NA,NA,NA,NA,NA,NA
"Markov",32,0.005,1.5625,36,100,0,NA,NA,NA,NA,NA,NA
"Markov",64,0.005,1.5625,36,100,0,NA,NA,NA,NA,NA,NA
"Markov",8,0.01,1.5625,36,100,0,NA,NA,NA,NA,NA,NA
"Markov",16,0.01,1.5625,36,100,0,NA,NA,NA,NA,NA,NA
"Markov",32,0.01,1.5625,36,100,0,NA,NA,NA,NA,NA,NA
"Markov",64,0.01,1.5625,36,100,0,NA,NA,NA,NA,NA,NA
"Markov",8,0.1,1.5625,36,100,0,NA,NA,NA,NA,NA,NA
"Markov",16,0.1,1.5625,36,100,0,NA,NA,NA,NA,NA,NA
"Markov",32,0.1,1.5625,36,100,0,NA,NA,NA,NA,NA,NA
"Markov",64,0.1,1.5625,36,100,0,NA,NA,NA,NA,NA,NA
"Markov",8,0.0025,3.125,36,100,0,NA,NA,NA,NA,NA,NA
"Markov",16,0.0025,3.125,36,100,0,NA,NA,NA,NA,NA,NA
"Markov",32,0.0025,3.125,36,100,0,NA,NA,NA,NA,NA,NA
"Markov",64,0.0025,3.125,36,100,0,NA,NA,NA,NA,NA,NA
"Markov",8,0.005,3.125,36,100,0,NA,NA,NA,NA,NA,NA
"Markov",16,0.005,3.125,36,100,0,NA,NA,NA,NA,NA,NA
"Markov",32,0.005,3.125,36,100,0,NA,NA,NA,NA,NA,NA
"Markov",64,0.005,3.125,36,100,0,NA,NA,NA,NA,NA,NA
"Markov",8,0.01,3.125,36,100,0,NA,NA,NA,NA,NA,NA
"Markov",16,0.01,3.125,36,100,0,NA,NA,NA,NA,NA,NA
"Markov",32,0.01,3.125,36,100,0,NA,NA,NA,NA,NA,NA
"Markov",64,0.01,3.125,36,100,0,NA,NA,NA,NA,NA,NA
"Markov",8,0.1,3.125,36,100,0,NA,NA,NA,NA,NA,NA
"Markov",16,0.1,3.125,36,100,0,NA,NA,NA,NA,NA,NA
"Markov",32,0.1,3.125,36,100,0,NA,NA,NA,NA,NA,NA
"Markov",64,0.1,3.125,36,100,0,NA,NA,NA,NA,NA,NA
"Markov",8,0.0025,0,12,3000,0,NA,NA,NA,NA,NA,NA
"Markov",16,0.0025,0,12,3000,0,NA,NA,NA,NA,NA,NA
"Markov",32,0.0025,0,12,3000,0,NA,NA,NA,NA,NA,NA
"Markov",64,0.0025,0,12,3000,0,NA,NA,NA,NA,NA,NA
"Markov",8,0.005,0,12,3000,0,NA,NA,NA,NA,NA,NA
"Markov",16,0.005,0,12,3000,0,NA,NA,NA,NA,NA,NA
"Markov",32,0.005,0,12,3000,0,NA,NA,NA,NA,NA,NA
"Markov",64,0.005,0,12,3000,0,NA,NA,NA,NA,NA,NA
"Markov",8,0.01,0,12,3000,0,NA,NA,NA,NA,NA,NA
"Markov",16,0.01,0,12,3000,0,NA,NA,NA,NA,NA,NA
"Markov",32,0.01,0,12,3000,0,NA,NA,NA,NA,NA,NA
"Markov",64,0.01,0,12,3000,0,NA,NA,NA,NA,NA,NA
"Markov",8,0.1,0,12,3000,0,NA,NA,NA,NA,NA,NA
"Markov",16,0.1,0,12,3000,0,NA,NA,NA,NA,NA,NA
"Markov",32,0.1,0,12,3000,0,NA,NA,NA,NA,NA,NA
"Markov",64,0.1,0,12,3000,0,NA,NA,NA,NA,NA,NA
"Markov",8,0.0025,0.78125,12,3000,0,NA,NA,NA,NA,NA,NA
"Markov",16,0.0025,0.78125,12,3000,0,NA,NA,NA,NA,NA,NA
"Markov",32,0.0025,0.78125,12,3000,0,NA,NA,NA,NA,NA,NA
"Markov",64,0.0025,0.78125,12,3000,0,NA,NA,NA,NA,NA,NA
"Markov",8,0.005,0.78125,12,3000,0,NA,NA,NA,NA,NA,NA
"Markov",16,0.005,0.78125,12,3000,0,NA,NA,NA,NA,NA,NA
"Markov",32,0.005,0.78125,12,3000,0,NA,NA,NA,NA,NA,NA
"Markov",64,0.005,0.78125,12,3000,0,NA,NA,NA,NA,NA,NA
"Markov",8,0.01,0.78125,12,3000,0,NA,NA,NA,NA,NA,NA
"Markov",16,0.01,0.78125,12,3000,0,NA,NA,NA,NA,NA,NA
"Markov",32,0.01,0.78125,12,3000,0,NA,NA,NA,NA,NA,NA
"Markov",64,0.01,0.78125,12,3000,0,NA,NA,NA,NA,NA,NA
"Markov",8,0.1,0.78125,12,3000,0,NA,NA,NA,NA,NA,NA
"Markov",16,0.1,0.78125,12,3000,0,NA,NA,NA,NA,NA,NA
"Markov",32,0.1,0.78125,12,3000,0,NA,NA,NA,NA,NA,NA
"Markov",64,0.1,0.78125,12,3000,0,NA,NA,NA,NA,NA,NA
"Markov",8,0.0025,1.5625,12,3000,0,NA,NA,NA,NA,NA,NA
"Markov",16,0.0025,1.5625,12,3000,0,NA,NA,NA,NA,NA,NA
"Markov",32,0.0025,1.5625,12,3000,0,NA,NA,NA,NA,NA,NA
"Markov",64,0.0025,1.5625,12,3000,0,NA,NA,NA,NA,NA,NA
"Markov",8,0.005,1.5625,12,3000,0,NA,NA,NA,NA,NA,NA
"Markov",16,0.005,1.5625,12,3000,0,NA,NA,NA,NA,NA,NA
"Markov",32,0.005,1.5625,12,3000,0,NA,NA,NA,NA,NA,NA
"Markov",64,0.005,1.5625,12,3000,0,NA,NA,NA,NA,NA,NA
"Markov",8,0.01,1.5625,12,3000,0,NA,NA,NA,NA,NA,NA
"Markov",16,0.01,1.5625,12,3000,0,NA,NA,NA,NA,NA,NA
"Markov",32,0.01,1.5625,12,3000,0,NA,NA,NA,NA,NA,NA
"Markov",64,0.01,1.5625,12,3000,0,NA,NA,NA,NA,NA,NA
"Markov",8,0.1,1.5625,12,3000,0,NA,NA,NA,NA,NA,NA
"Markov",16,0.1,1.5625,12,3000,0,NA,NA,NA,NA,NA,NA
"Markov",32,0.1,1.5625,12,3000,0,NA,NA,NA,NA,NA,NA
"Markov",64,0.1,1.5625,12,3000,0,NA,NA,NA,NA,NA,NA
"Markov",8,0.0025,3.125,12,3000,0,NA,NA,NA,NA,NA,NA
"Markov",16,0.0025,3.125,12,3000,0,NA,NA,NA,NA,NA,NA
"Markov",32,0.0025,3.125,12,3000,0,NA,NA,NA,NA,NA,NA
"Markov",64,0.0025,3.125,12,3000,0,NA,NA,NA,NA,NA,NA
"Markov",8,0.005,3.125,12,3000,0,NA,NA,NA,NA,NA,NA
"Markov",16,0.005,3.125,12,3000,0,NA,NA,NA,NA,NA,NA
"Markov",32,0.005,3.125,12,3000,0,NA,NA,NA,NA,NA,NA
"Markov",64,0.005,3.125,12,3000,0,NA,NA,NA,NA,NA,NA
"Markov",8,0.01,3.125,12,3000,0,NA,NA,NA,NA,NA,NA
"Markov",16,0.01,3.125,12,3000,0,NA,NA,NA,NA,NA,NA
"Markov",32,0.01,3.125,12,3000,0,NA,NA,NA,NA,NA,NA
"Markov",64,0.01,3.125,12,3000,0,NA,NA,NA,NA,NA,NA
"Markov",8,0.1,3.125,12,3000,0,NA,NA,NA,NA,NA,NA
"Markov",16,0.1,3.125,12,3000,0,NA,NA,NA,NA,NA,NA
"Markov",32,0.1,3.125,12,3000,0,NA,NA,NA,NA,NA,NA
"Markov",64,0.1,3.125,12,3000,0,NA,NA,NA,NA,NA,NA
"Markov",8,0.0025,0,36,3000,0,NA,NA,NA,NA,NA,NA
"Markov",16,0.0025,0,36,3000,0,NA,NA,NA,NA,NA,NA
"Markov",32,0.0025,0,36,3000,0,NA,NA,NA,NA,NA,NA
"Markov",64,0.0025,0,36,3000,0,NA,NA,NA,NA,NA,NA
"Markov",8,0.005,0,36,3000,0,NA,NA,NA,NA,NA,NA
"Markov",16,0.005,0,36,3000,0,NA,NA,NA,NA,NA,NA
"Markov",32,0.005,0,36,3000,0,NA,NA,NA,NA,NA,NA
"Markov",64,0.005,0,36,3000,0,NA,NA,NA,NA,NA,NA
"Markov",8,0.01,0,36,3000,0,NA,NA,NA,NA,NA,NA
"Markov",16,0.01,0,36,3000,0,NA,NA,NA,NA,NA,NA
"Markov",32,0.01,0,36,3000,0,NA,NA,NA,NA,NA,NA
"Markov",64,0.01,0,36,3000,0,NA,NA,NA,NA,NA,NA
"Markov",8,0.1,0,36,3000,0,NA,NA,NA,NA,NA,NA
"Markov",16,0.1,0,36,3000,0,NA,NA,NA,NA,NA,NA
"Markov",32,0.1,0,36,3000,0,NA,NA,NA,NA,NA,NA
"Markov",64,0.1,0,36,3000,0,NA,NA,NA,NA,NA,NA
"Markov",8,0.0025,0.78125,36,3000,0,NA,NA,NA,NA,NA,NA
"Markov",16,0.0025,0.78125,36,3000,0,NA,NA,NA,NA,NA,NA
"Markov",32,0.0025,0.78125,36,3000,0,NA,NA,NA,NA,NA,NA
"Markov",64,0.0025,0.78125,36,3000,0,NA,NA,NA,NA,NA,NA
"Markov",8,0.005,0.78125,36,3000,0,NA,NA,NA,NA,NA,NA
"Markov",16,0.005,0.78125,36,3000,0,NA,NA,NA,NA,NA,NA
"Markov",32,0.005,0.78125,36,3000,0,NA,NA,NA,NA,NA,NA
"Markov",64,0.005,0.78125,36,3000,0,NA,NA,NA,NA,NA,NA
"Markov",8,0.01,0.78125,36,3000,0,NA,NA,NA,NA,NA,NA
"Markov",16,0.01,0.78125,36,3000,0,NA,NA,NA,NA,NA,NA
"Markov",32,0.01,0.78125,36,3000,0,NA,NA,NA,NA,NA,NA
"Markov",64,0.01,0.78125,36,3000,0,NA,NA,NA,NA,NA,NA
"Markov",8,0.1,0.78125,36,3000,0,NA,NA,NA,NA,NA,NA
"Markov",16,0.1,0.78125,36,3000,0,NA,NA,NA,NA,NA,NA
"Markov",32,0.1,0.78125,36,3000,0,NA,NA,NA,NA,NA,NA
"Markov",64,0.1,0.78125,36,3000,0,NA,NA,NA,NA,NA,NA
"Markov",8,0.0025,1.5625,36,3000,0,NA,NA,NA,NA,NA,NA
"Markov",16,0.0025,1.5625,36,3000,0,NA,NA,NA,NA,NA,NA
"Markov",32,0.0025,1.5625,36,3000,0,NA,NA,NA,NA,NA,NA
"Markov",64,0.0025,1.5625,36,3000,0,NA,NA,NA,NA,NA,NA
"Markov",8,0.005,1.5625,36,3000,0,NA,NA,NA,NA,NA,NA
"Markov",16,0.005,1.5625,36,3000,0,NA,NA,NA,NA,NA,NA
"Markov",32,0.005,1.5625,36,3000,0,NA,NA,NA,NA,NA,NA
"Markov",64,0.005,1.5625,36,3000,0,NA,NA,NA,NA,NA,NA
"Markov",8,0.01,1.5625,36,3000,0,NA,NA,NA,NA,NA,NA
"Markov",16,0.01,1.5625,36,3000,0,NA,NA,NA,NA,NA,NA
"Markov",32,0.01,1.5625,36,3000,0,NA,NA,NA,NA,NA,NA
"Markov",64,0.01,1.5625,36,3000,0,NA,NA,NA,NA,NA,NA
"Markov",8,0.1,1.5625,36,3000,0,NA,NA,NA,NA,NA,NA
"Markov",16,0.1,1.5625,36,3000,0,NA,NA,NA,NA,NA,NA
"Markov",32,0.1,1.5625,36,3000,0,NA,NA,NA,NA,NA,NA
"Markov",64,0.1,1.5625,36,3000,0,NA,NA,NA,NA,NA,NA
"Markov",8,0.0025,3.125,36,3000,0,NA,NA,NA,NA,NA,NA
"Markov",16,0.0025,3.125,36,3000,0,NA,NA,NA,NA,NA,NA
"Markov",32,0.0025,3.125,36,3000,0,NA,NA,NA,NA,NA,NA
"Markov",64,0.0025,3.125,36,3000,0,NA,NA,NA,NA,NA,NA
"Markov",8,0.005,3.125,36,3000,0,NA,NA,NA,NA,NA,NA
"Markov",16,0.005,3.125,36,3000,0,NA,NA,NA,NA,NA,NA
"Markov",32,0.005,3.125,36,3000,0,NA,NA,NA,NA,NA,NA
"Markov",64,0.005,3.125,36,3000,0,NA,NA,NA,NA,NA,NA
"Markov",8,0.01,3.125,36,3000,0,NA,NA,NA,NA,NA,NA
"Markov",16,0.01,3.125,36,3000,0,NA,NA,NA,NA,NA,NA
"Markov",32,0.01,3.125,36,3000,0,NA,NA,NA,NA,NA,NA
"Markov",64,0.01,3.125,36,3000,0,NA,NA,NA,NA,NA,NA
"Markov",8,0.1,3.125,36,3000,0,NA,NA,NA,NA,NA,NA
"Markov",16,0.1,3.125,36,3000,0,NA,NA,NA,NA,NA,NA
"Markov",32,0.1,3.125,36,3000,0,NA,NA,NA,NA,NA,NA
"Markov",64,0.1,3.125,36,3000,0,NA,NA,NA,NA,NA,NA
"VAR1",0,0.0025,0,12,100,0,NA,NA,NA,NA,NA,NA
"VAR1",0,0.005,0,12,100,0,0.344927802163477,0.368288578276814,0.895245246882205,0.855487118352209,0.0957551826258638,0.668229195953441
"VAR1",0,0.01,0,12,100,0,0.374856124116712,0.399309484142013,0.874020831960915,0.817682317682318,0.1025390625,0.66855731265727
"VAR1",0,0.1,0,12,100,0,0.484647527054898,0.510385332113043,0.772914552181228,0.589049121225777,0.261038961038961,0.679250301162409
"VAR1",0,0.0025,0.78125,12,100,0,NA,NA,NA,NA,NA,NA
"VAR1",0,0.005,0.78125,12,100,0,0.343708185092718,0.367145490745299,0.897382566165949,0.859610363526813,0.0254342431761787,0.700470251482314
"VAR1",0,0.01,0.78125,12,100,0,0.374384249741851,0.399055077042358,0.876040421790619,0.822285174693107,0.0301724137931034,0.700808018819679
"VAR1",0,0.1,0.78125,12,100,0,0.484786589418674,0.510705268887266,0.771247714214251,0.595662277304415,0.160074453234062,0.71211576065702
"VAR1",0,0.0025,1.5625,12,100,0,NA,NA,NA,NA,NA,NA
"VAR1",0,0.005,1.5625,12,100,0,0.342024846011784,0.365551187107717,0.897840652548305,0.862015294038032,0.0254342431761787,0.725250460028624
"VAR1",0,0.01,1.5625,12,100,0,0.373334685301995,0.398162821120932,0.874754836547761,0.826053834433723,0.0301724137931034,0.725600900071597
"VAR1",0,0.1,1.5625,12,100,0,0.484523455625579,0.510687908246684,0.774877973578052,0.601426927502877,0.158406669754516,0.737317962114221
"VAR1",0,0.0025,3.125,12,100,0,NA,NA,NA,NA,NA,NA
"VAR1",0,0.005,3.125,12,100,0,0.338824510845826,0.362555493447132,0.900250796570186,0.867201976528721,0.0102925243770314,0.770891154897902
"VAR1",0,0.01,3.125,12,100,0,0.370581232540771,0.395676336463968,0.874038399920066,0.830803023451127,0.0134408602150538,0.771165597116048
"VAR1",0,0.1,3.125,12,100,0,0.48505380138983,0.511625608611119,0.781500793487115,0.612821712681329,0.130762782900251,0.783650263428056
"VAR1",0,0.0025,0,36,100,0,NA,NA,NA,NA,NA,NA
"VAR1",0,0.005,0,36,100,0,0.167269400448673,0.179043505984633,0.851874040639534,0.624893435635124,0.0053683268714584,0.859848504898977
"VAR1",0,0.01,0,36,100,0,0.201341325548297,0.215118411324186,0.822823593693499,0.613239875389408,0.00567842199641363,0.859875376543896
"VAR1",0,0.1,0,36,100,0,0.356882418229131,0.379362941862049,0.676453954321752,0.503870343492985,0.0109316770186335,0.862737875997544
"VAR1",0,0.0025,0.78125,36,100,0,NA,NA,NA,NA,NA,NA
"VAR1",0,0.005,0.78125,36,100,0,0.16528750451581,0.177064292478532,0.850573748450586,0.622598672720922,0.00159066808059385,0.871510390751543
"VAR1",0,0.01,0.78125,36,100,0,0.199585930967428,0.213286166657727,0.827026186321198,0.617809298660362,0.00158940397350993,0.87150835031628
"VAR1",0,0.1,0.78125,36,100,0,0.356047792227568,0.378546663850835,0.688942884015336,0.512204142011834,0.00710357470210816,0.874543213959915
"VAR1",0,0.0025,1.5625,36,100,0,NA,NA,NA,NA,NA,NA
"VAR1",0,0.005,1.5625,36,100,0,0.163469144828039,0.175224260101083,0.847663044570503,0.623070097604259,0.00104112441436752,0.876184376290242
"VAR1",0,0.01,1.5625,36,100,0,0.197943145742044,0.21171553850791,0.827395124758456,0.618446291560102,0.00104031209362809,0.876182410078607
"VAR1",0,0.1,1.5625,36,100,0,0.354785934923182,0.377396859789464,0.689319867989121,0.51625358076971,0.0065403698691926,0.879253778320734
"VAR1",0,0.0025,3.125,36,100,0,NA,NA,NA,NA,NA,NA
"VAR1",0,0.005,3.125,36,100,0,0.159832214841439,0.171631681020715,0.851587117912107,0.621413838364898,0.000517196793379881,0.889343416436022
"VAR1",0,0.01,3.125,36,100,0,0.19366511062152,0.207405960863037,0.833785441830033,0.619736842105263,0.000773594636410521,0.889507032188739
"VAR1",0,0.1,3.125,36,100,0,0.352223460322165,0.374939180802648,0.695189207609557,0.523215875842768,0.00632911392405063,0.892801389532684
"VAR1",0,0.0025,0,12,3000,0,NA,NA,NA,NA,NA,NA
"VAR1",0,0.005,0,12,3000,0,NA,NA,NA,NA,NA,NA
"VAR1",0,0.01,0,12,3000,0,NA,NA,NA,NA,NA,NA
"VAR1",0,0.1,0,12,3000,0,NA,NA,NA,NA,NA,NA
"VAR1",0,0.0025,0.78125,12,3000,0,NA,NA,NA,NA,NA,NA
"VAR1",0,0.005,0.78125,12,3000,0,NA,NA,NA,NA,NA,NA
"VAR1",0,0.01,0.78125,12,3000,0,NA,NA,NA,NA,NA,NA
"VAR1",0,0.1,0.78125,12,3000,0,NA,NA,NA,NA,NA,NA
"VAR1",0,0.0025,1.5625,12,3000,0,NA,NA,NA,NA,NA,NA
"VAR1",0,0.005,1.5625,12,3000,0,NA,NA,NA,NA,NA,NA
"VAR1",0,0.01,1.5625,12,3000,0,NA,NA,NA,NA,NA,NA
"VAR1",0,0.1,1.5625,12,3000,0,NA,NA,NA,NA,NA,NA
"VAR1",0,0.0025,3.125,12,3000,0,NA,NA,NA,NA,NA,NA
"VAR1",0,0.005,3.125,12,3000,0,NA,NA,NA,NA,NA,NA
"VAR1",0,0.01,3.125,12,3000,0,NA,NA,NA,NA,NA,NA
"VAR1",0,0.1,3.125,12,3000,0,NA,NA,NA,NA,NA,NA
"VAR1",0,0.0025,0,36,3000,0,NA,NA,NA,NA,NA,NA
"VAR1",0,0.005,0,36,3000,0,NA,NA,NA,NA,NA,NA
"VAR1",0,0.01,0,36,3000,0,NA,NA,NA,NA,NA,NA
"VAR1",0,0.1,0,36,3000,0,NA,NA,NA,NA,NA,NA
"VAR1",0,0.0025,0.78125,36,3000,0,NA,NA,NA,NA,NA,NA
"VAR1",0,0.005,0.78125,36,3000,0,NA,NA,NA,NA,NA,NA
"VAR1",0,0.01,0.78125,36,3000,0,NA,NA,NA,NA,NA,NA
"VAR1",0,0.1,0.78125,36,3000,0,NA,NA,NA,NA,NA,NA
"VAR1",0,0.0025,1.5625,36,3000,0,NA,NA,NA,NA,NA,NA
"VAR1",0,0.005,1.5625,36,3000,0,NA,NA,NA,NA,NA,NA
"VAR1",0,0.01,1.5625,36,3000,0,NA,NA,NA,NA,NA,NA
"VAR1",0,0.1,1.5625,36,3000,0,NA,NA,NA,NA,NA,NA
"VAR1",0,0.0025,3.125,36,3000,0,NA,NA,NA,NA,NA,NA
"VAR1",0,0.005,3.125,36,3000,0,NA,NA,NA,NA,NA,NA
"VAR1",0,0.01,3.125,36,3000,0,NA,NA,NA,NA,NA,NA
"VAR1",0,0.1,3.125,36,3000,0,NA,NA,NA,NA,NA,NA
